Author,Comment
Beebom,"Pixel 7a at â‚¹43,999 (â‚¹39,999 after card discount. So, are you in group 1 or group 2? 05:53 ğŸ˜‡"
SaiKrishna Kote,Group 2
Tech Basics,Waiting for it to come down to 29999 or lower ğŸ˜…
Jose Sierra,Because it's not true.
Zahid Rashid,Why not go with the Pixel 7? I think it goes for around 45K..
Niladri Basari,group 2
Akshay Mishra,"Kindly make videos about their service, feedbacks, service part costs etc."
Ashish Kande,"Hey Rupesh, 
I own a OnePlus 8t and had a very bad experience with both OnePlus and Oppo devices with their motherboard crash.
Now I'm planning to move to the Pixel devices.
Looking at the current prices I can see that Pixel 6a is a great deal, but still Pixel 7a is pulling me because of its 90 hz display and Sony IMX786 sensor compared to very old sensor on Pixel 6a.
But the only thing I'm worried is about prices. I'm not getting that interest to spend huge amount of money on smartphones. Do you think the 6GB RAM and 60 hz works for me, as I have 120hz and 12gb RAM on OnePlus 8t
Please advise me on this."
shre,Pixel 7a or s21fe?
Robin,I wanna buy a new phone. But my vivo that i bought 5 years is still working fantastically well. Why should i discard something which is working so well to buy a new one. Wouldn't that be like wasting money.
CÏ†Î·sTaÎ·TiÎ·Îµ,Introduce optical zoom (at least 3x) in mid range than ultra wide camera (never used anyway).
EpicBunty,"costs at least 15k more than my current almost 4 year old ""chinese"" realme phone (price at which i bought) and is still a downgrade in terms of most of the specs like battery, charging speed, performance. oh and not to mention, it does not even have a charger in the box.... lmao. joke."
Gunna Vikas,The 64 MP camera of the rear... Is it a Sony sensor?????
Ashwani Kundan,Here im waiting for BBD untill then i am loving my 4a ğŸ˜‚
Krishanu Kr. Choudhury,I am in the i exchanged my 6a and brought an 7a group and boy do i don't regret itğŸ˜‚
Yathish N,Waiting for Nothing phone 2 ğŸ˜…....compare with pixel 7a.... Then wait for price reduction on both devicesğŸ˜‚ğŸ˜‚
Food vibes,Please do a unboxing of Lava Agni 2 5g
Rohan Roy,"Definitely Group 3, will wait for 8a and then buy 7a"
Shashvat Bartaria,"I would buy it in BBD , honestly now I see no point in pixel 7 for ME PERSONALLY , Google nailed it with pixel 7a , all I want at a affordable price ğŸ˜‚"
Damien Rahul,5:29 wireless charging is limited to 7.5 watts only
milind lko,I think this phone should best around 29999
Ravi Das,not worth more than 30k ğŸ˜‚
Ravi Das,"ghanta still heating issue, bad performanc, bad battery life and cost 40k ğŸ˜‚ğŸ˜‚ in sep it will be 30 k and then ppl will think of buying it ğŸ˜‚"
Karim Sumar,Shame no SD card slot ğŸ’³ ğŸ˜­
Amit Dubey,"Overheating phone guys , don't believe these biased so called reviewere , you'll regret"
JoBin JM,Group 2
Rahul Manerikar,Is Pixel 7 pro better?
Rajkishor Mazumdar,"should we buy google pixel 6 from amazon @35k, in 2023?
Priority- whole day battery, camera. (no gaming at all) and long lasting 5 years chale"
Sai Karthik,ğŸ˜‚ group 3 price drop in big billion days bro
John Isaac,Is the 256gb varient available in India?
Palash Jangid,"Group 4- People like me who were using Pixel Experience Rom on OP7T and bought Pixel 7A only to realise 7T runs just as good. 

PS- 7A runs HOT. Overheating while using the most basic stuff like scrolling, Netflix or calls. Pathetic."
Vinod,Does it have a fast charger?
Rajat Mittal,"I already got this pixel 7a, and it's look like flagship phone ğŸ¤³ğŸ“±ğŸ“±"
Fahad V.S,Group 1ğŸ˜‚
Vignesh M,"I have been an avid user of the pixel since nexus times , i think going for the samsung ultra or the iphone is better if you've got the money , else i woud happily settle down for the pixel.
-From the owner of Pixel 7 pro 

It's just that Google has a good software ecosystem but lacks the hardware and supporting ecosytem devices. It's like they limit you on pupose : ("
Tvs Tanuj,Is it worth to buy pixel A series buds which comes in offer after buying this
Unitech,Why are they not providing an Amoled display instead of just OLED... price on higher side
Abhi,I am Group 4: No money to buy.
DJclub,Need to know if A series have pixel features that are like call screening?
Forever in a moment,Group wait for BBD
Cloud,Call recording he? Jio video call support without internet?
Deepayan Bandyopadhyay,"Is it safe to buy Pixel phones from Amazon? They are not the official/authorised retailers as per the Google India website. 

I am getting good deals on Pixel 6/6 Pro 5G.  

Should I buy? Please suggest."
vishal patel,Group 2 always
ridestiny 200,Group 4 - yaar pese nahi hain yeh phone lene k.
Chetan R,Id like to know If the pixel 6a a good buy now; for someone who isnt looking for everything high end; not very features demanding ?
Nothing,Pixel 7a has same performance as my Rog phone 3 but rog phone 3 has better thermals and way better then pixel 7a at gaming
Sudhanshu Sharma,"If Google had used snapdragon instead of Exynos,     it would have created the monopoly"
aakash doshi,Hi can you do pixel 4a vs 7a?
Vishal Kumar,"Poor performance, poor efficiency. bad device with Good camera and software."
CrossyBreed,Group 1
Chinmay Managoli,Pixel- struggle still persists
Ariful Islam Akash,"Sir, could you please suggest any way to update to miui 14 and android 13 on the legendary Xiaomi K20 pro as the phone is already listed dead for Xiaomi.They have stopped providing any updates???please please please???ğŸ™ğŸ™ğŸ™"
SAMEER POTDAR,I will wait for 6 to 8 months for this as happend with 6a this will sure come down to 35 to 37 k range ( curremtly using 4a since last 2.5 years and still happy with it...)
VENVOX RACING,"I would like to see the battery comparison with nothing phone 1 , according to specs it is better but the experience is better in pixel .
I would like to see the comparison with nothing which will help a lot .
Have a great day ğŸ¤ğŸ¼"
Olabode A.,"Group 1 for sure, Overpriced!"
Shubham Bhise,I'm in Group 3 - Get Pixel 7
Iswar Dahal,Group 4: wait for Big billion days ğŸ¤ 
Chinmoy Sharma,"Imx 363 wasn't a downside tho .. It still beat the 7 pro in the blind smartphone camera test by mkbhd....
We want output, as long as 363 delivers it, we have no problem..."
Dinesh J,Does 7a support PD charging technology?
ziluch,I am in group 1
Aritra Samanta,Pixel was always about amazing software experience and the best flagship grade cameras so if you want premium experience and camera i feel you should only go for pixel it just feels premium
Samrat Banerjee,As for the price's concern.. it's obvious I'm in group 1 always ğŸ˜ğŸ˜
MIHIR CHAKRABARTY,"Group 1, definitely overpriced"
Î“ÎºÎ¿Î²Î¯Î½Ï„ Î¤Î¶Ï‡Î±,"For me water resistant is important , because I have the habit of cleaning phone by directly putting it in water , like now I have iphone 12 , it's damaged a lot because I don't use case , and other things are good in it but it's feeling like old , so I'm looking forward to upgrade my device , and I'm waiting for nothing phone 2 , I don't know why but I like it's touch and feel my elder brother have nothing phone 1 that's why , 
Besides that I just want that it need to be water resistant and it can shoot 4k60fps in both the lenses ( not the front one ) because I'm not photogenic person , 
Well let's see maybe if it's not going to be good than might be I'll go for Google pixel 7 ,"
Swastik Banerz,Rather wait for Nothing 2 !!
Ramaá¹‡a Bhaá¹­á¹­a,Group 3 â€” Just pay a little bit more and purchase a Pixel 7.
Sneharsh Belsare,"A lot of companies like redmi and realme ship phones with better specs at lower price, but the software is just terrible. I feel like the great software is worth the premium, so yeah, category 2 it is."
Drink woter,"Too over priced, 44k and the screen isnâ€™t even that good , total bs charging for their software plus almost 0 after-sales support in most of india, would rather wait for nothing phone 2 it will be at this same prcie range same focus of software but with more power and better display and after sales support, this should be around 35k"
Earnist Se,Itâ€™s 500 but it comes with free pixel buds and a case from the google store so thatâ€™s not bad value really.
Sri Paul,Watching this video in pixel 6a
Sandeep Mehta,In 6 months time it will be 32K then I'll buy it.
Baraa,dos the 7a support esim ?
Edis Delgado,"I would get the 7, you can find it new for cheaper than 7a online"
shalini,Group1
Koushik Dey,"Group 3 - people know that they will not afford this , but are still watching . ğŸ˜¢"
Pritesh Khilnani,They can never fix the launch price. Never!  46k pix7 VS 44k for 7a...how dumb?
Aditya Bhardwaj,can someone name the wallpaper used in 5:33  from backdrops?
sarthak gangwar,Waiting for about 2-3 months will reduce the price drastically on sales and that is a good time to snatch this Pixel!!
Manas Ohara,have to hold groups till nothing phone(2) comesğŸ˜€
John Choudhury,Group 3 will wait for the price to drop below 35k
vishal kant,Comparison between Google Pixel 7a Vs Oneplus 11R vs Moto Edge 30 Fusion!!!!!!!!!!!
Nexted Studios,Grp 2 mann
Yash Kudale,My OnePlus 7T display just got busted after buying and using since its launch. I guess it's definitely a upgrade time !
Priyabrat Mishra,"Group 2... Already booked thru pre order, outside India, you get pixel buds A series free with pre order. So effectively got it around same price as India with card discount.
N Group 3 is weird, wait for phone/tech to become old, snap a marginal further discount. Is it worth for mid-rangers?"
Rajesh Dash,Looks like a phone they should have launched in 2021
Nitish Jha,"34, 999 ğŸ˜Š ğŸ˜Šis good price."
Ni hal,Group 3: Nothing.
Taruna Dixit,6pro or 7a who is better I'm confused
Akshay,Group 3: can't afford it
ADITYA SINGH,"good package, you'll get a good deal of it in big billion days sale."
Nathanasiel Hernandez,"If the pricing does go down like it usually does after a few months, this will go from being a ""good package"" to being a no-brainer. The 7a's improvements are just astronomical compared to the 6a. *This* is an upgrade"
The Last Stand,Then I am in group 4 who doesn't want pixel phones and go for galaxy S series straightway.
Bhavya Bansal,"Pixel's processor and battery seems weak but the OS on OnePlus 11r is trash and camera also seems ok ok. And no flagship features on 11r except for the processor of course. Will be waiting for Nothing phone 2 , I am hoping it would bring best of both worlds."
Nature Calls Rob,Bad pricing....  Pixel 7 avilable @46000 on sales
ankuran dewgharia,Group 2
TBG Vloggs,Group 4 - Using Iphoneâ¤
Z0R0_X,Not even worth 30k ğŸ˜‘
BLOODY HACKER,They could've launched it on Android 14
Jithin Nhendadiyil,18W charging in a phone released in 2023 is really a crime. I hate iPhone and Pixels for their poor charging speed. Whatever high end features they have charging speed is a basic requirement.
Mridul Singh,Group 2 when I'll be under 35k
Nameless Track,"I'm in middle of those group.
If Non pixel user that's the fact there are some options,OnePlus 11R is the greatest 1 in this price segment, on the other hand people who love pixel and trying buy a Pixel phone in affordable price that's the phone they can pickğŸ˜Š
Good deals from #GoogleğŸ¤"
Tanbir Mohd,I'm in Group 3 i.e Can't afford.
chandan kumar,Obviously group one. Let us compare it with the recently launched poco F5. It has better processor better  screen better battery better multi-media experience charger in the box headphone jack. Pixel has better software experience (subjective) better cameras and that's it. The price gap is around 15k. That's way too much for an avg user i guess. Google needs to focus on the mid range market and their needs
â€ â€ â€ â€ â€ â€ â€ â€ â€ â€ â€ â€ â€ â€ â€ â€ â€ â€ â€ â€ â€ â€ â€ â€ â€l,Bhai Hindi me video nikal
Kaustav Mondal,Group 1 for sure
ROHIT KALEKAR,"Could you do Samsung A54 vs pixel 7a camera comparison, please..."
abdullah abdulaziz,"Bhai Agar A54 me processor Acha hota tou wo isko kha jata 
Lekin Samsung ko Har cheez kharab karna hai"
Vigneesh M,Pixel 7 costs similarğŸ˜…  isn't it better to buy that instead?
day's done,"am a pixel user. one thing the pixel phones lack is service... only provided in major cities and not even available for semi metropolitan cities. 
If you live in cities like Bangaluru or mumbai well n good."
outtanowhere o,"Group 
   

















AAP"
Shashidhar Prasad K R,Group 2 though
Naquib Ataee,Group 1
Kishore Babu k,The bezels sucks
Bunny Munnu,Fun Fact : Wait till Oct and u can get this phone for 70% of its release price
SUNNY â˜€ï¸DAY,ğŸ’©ğŸ’©ğŸ’©ğŸ’© phone not worth more than 30k
Anmol D,Still sounds non interesting to me.
HIMANSHU THAKUR,"Google pixels are more about Good photos,videos and software. And it does fill that hardware gap with that. Some Samsung phones might provide a better value at that price point, but nothing can match the pixel.â¤"
Biswanath Kar,Group 2 but waiting for the Price Drop.
Brown Boi,"That's what my dad makes in a month. I'm in the group ""mehengai""

I'm waiting for the time when the chips are being made in India so that we can actually buy the phones at the price which is more affordable"
Gokulan Jacksparrow,I Think...Wireless charging only in 7.5w..
T Niranjan,"Not fixed price, battery"
AS awareness and entertainment,Goggle made use fool I bought pixel 7 with extra price and less features ğŸ˜¢
Katina Southerland,Solid group 2 here when you place this against 6a the updates are amazing for one Year
Taurean Smoke,Easy call group 2. Only haters are in group 1! It don't matter what Google does. They're always going to be in group 1!
Elvis Chibundu,"0:11 Same old IMX 363 beats iPhone 13 Pro Max & Samsung Galaxy S22 Ultra in camera blind test


Bruhhh all you need is software Optimization"
Rahul Gupta,I'm in group 256GB. 128gb is a joke for today's phone
GiyuTomioka,Jenshin Impact ğŸ˜‚ğŸ˜‚
Mayur Satpute,G1
Arunangshu Sen,Getting it around 25k with special discount
Dhawal Shah,"I have been using Pixel 6a for the past 6 months, and I would not recommend someone to buy the tensor chip A series of Google. Heat management is a big issue. The phone heats up quickly. Suppose you use Google Maps to go somewhere. After 20 mins, the phone will automatically switch to dark mode to cool down the device. You cannot see the navigation in the day in dark mode. Another incident was I was on an important Zoom call. The device closed the app automatically to cool down the device. There was no way I could shut that feature. I had to wait for the device to cool down. The call was barely 1-1.30 hr. Yes, the photos are amazingly superb, but I have to charge the phone twice a day to keep it live. Pixel A series phones were good till Pixela. It was its peak. Now its downfall, I feel."
Gautam Sidana,No use when battery is shit as last
Kapil Nagpurkar,Elephant in the room: shitty tensor (Exynos) chipset with amazing heating issues and very dim and bad quality display.
Ajinkya Chavan,Groud 3 - Will buy once after price drop
BankaiKiller,Just wait for the Big Billion Sale and buy the Pixel 7 at a better price....40k for this phone isn't worth it
Mohd Mazid,20 watt wired and 7.5 watt wirless charging in 2023 and you call it a solid upgrade.?? Its a joke
Ğ¡Ñ‡Ğ°ÑÑ‚Ğ»Ğ¸Ğ²Ğ°Ñ Ğ¿Ñ‚Ğ¸Ñ†Ğ°,group 3 who won't even buy the phone just here for google
Suraj Sahoo,Group 2
Uday,It would be great if you make a video about a comparison between Google Pixel 7a and Samsung Galaxy a54
Prakash2K,Overpriced.
Sanjay,Don't rush on this. Just wait until bbd sale.
shamsi s,Group 4
Prince,3:24 what? ğŸ¤¨
Robert,"i will probably go with group 1. Investing in a phone more than 20k is stupidity. The reason is simple, use a phone like a phone and not a computer and a DLSR. Not so complicated right?"
Slip Of Tongue,Group 1 :  be patient. You know what I mean ğŸ˜‚
Fazal Aseez,Over priced - go for  Pixel 7 at rs 44k
Gri Tharan,Good with pixel4a â¤
Sajal Rastogi,"Compare camera with pixel 7, onepls 11r, onepls 11, samsung s21 fe.
Then I will tell in which group I am."
Adithyeshwar goud,bro can  u make a 7and 7a comparision
xeta yeta,I am in sale group
srikanth vemula,"The user experience on a pixel is world class, you can buy any pixel phone just for the fact that you will get pure android."
Yash Chopda,Bhai ne bola group 2 toh group 2 baki kuch nhi
Diwakar Mathur,isn't pixel 7 available at 45000 on amazon? Why would someone get this at basically the same price?
Viren Vivek,overpriced.... 30k would have given us a better choice.
Abdullah Vlogify,Group 2
Umar Syed,I just have a issue with the price like on amazon the pixel 7 proper is 45k! So for 1k extra doesnt the 7 make more sense? Waiting for some major price drops like the 6a
Sourav Chandra,we need a camera comparison between pixel 7A and galaxy s21 fe..
Amey Mirgal COD,So the people who buys 6A like wasted time and money ğŸ˜‚
srttp2,"I was willing to buy the next pixel phone but it has no fast charging and no 256gb store which are a must for me, guess I gotta wait for the nothing phone 2"
SAPTARSHI CHAKRABARTY,Was there any hitting issue you faced in your test???
Japan Bhavsar,"Go for S21 FE, Still it is the best phone to buy in value for money category"
Lokananda Siddayellappa,Will 7a record call automatically like Samsung phones.?
Dark Hat Gamer,Group 3 people are the ones who wait for Big Billion Days and Great Indian Festival where we can see massive price drops ğŸ¤“
vedant,Group 2. Because it is still a good package in the price of 40k but as the Google pixel 6a I think its price will also go down so wpi will wait for it
Akash Topder,"1. No 256GB option
2. eSim is still not ready for Indian market
3. Should have 120 Hz AMOLED"
Spit Dragon ğŸ’š,"DO Not Buy. Coming from an LGV40ThinQ  to  Pixel 7 (Not Pro) - I feel Downgraded. 

Pixel 7 : *IS A FAUX iPHONE - Let's start there. Know what you're getting into. About 2 weeks owning and using frequently and for many things.

NO HEADPHONE JACK?! THE ONE THING YOU HAD TO MOCK OR EMULATE, REALLY?! As an Audio Lover, A whole generation of people who still know how to use headphone jacks and connect their things to boomin sound systems with 15s and such? - You even have an Equalizer? FOR WHAT? This thing has BAD SOUND! BAD SPEAKERS! (Compared to my LG, That is, Thing was amazing)

Overheats on basic use, VERY HOT VERY VERY HOT? Not using Camera AT ALL? (Seemed to be a ""reason"") HOT AF ON just basic Pokemon Go use? What? Just watch it Glow Red while only attempting to download a few files. I feel I'm going to break it. No kidding. It's that hot. With no case even. 

Navigation buttons / Cannot re-arrange.  What?  Why? Hello?   I see on Forums Years of asking ""WHY?"", so Why?

Pull down top menu? Can't pull down on it's side, There is no Wide, Sidescreen variation, you HAVE to rotate and pull down from top. ONLY

The Camera on the back? Bulbus! edged, sticks out a lot. If you get a message? Phone ""Flat"" on a table? - This thing will slide around as if it was the Winter Olympics.

SLICK CASE - Will slide out of, off of, into, anything. Buy a case ASAP - All Cases I Found btw? If it's not a clunky OTTER style, it's not Flush with the surface. Mostly bad cases for a mostly bad device. *adjusts glasses*

Short battery life that begs me to turn on ""Saver"" features. ""No"" - I want full power, good brightness, loud sound. etc. The base functions of the device Suffer on this electronic and I'm just not sure why.

The Camera? Nice, But - The App it's self (google photos) seems to stumble (maybe it's just me) on most base functions as well, there is no quick way to edit, sometimes, other than RIGHT when you take the pic, this is fine, but the finalization step is a bit tedious when trying to get multiple pics in a timely manner. I'm not a fan of using 3rd part apps constatly (Paying, free versions, ads, etc just to edit a pic my phone took? cmon now, Better default software pls)

The power button and general hand use, Already kinda annoyed that Taking a screencap now makes me pinch and push one side of my phone in order to hit the power and vol down at the same time? Like? What?   Makes WAY more sense, even for smaller hands, to have the buttons be on Opposite sides of the phone? *If it was built to be so quick 1 handed, then why even include the on screen navigation buttons that you can't adjust /at all /ever? As a formality? a barely functional lie? - My point, Reaching one's thumb, as a right handed person, to the bottom left corner, to go ""BACK"" - A VERY COMMON PRACTICE?!, Is just a massive NO, BAD, BAD PHONE MAKERS, THINK ABOUT WHAT YOU DID! you're almost forcing iPhone mock controls or 2 handed use? oof.

There is no High Screen Resolution for the reg 7, Only Pro* - No 1440p for you, just 1080 (which is fine imo)

The Updates I got? All security, not really any ease of use - So I guess they are hard up to keep this thing like THIS, A Mess. 

Justify owning this thing however you wish, but I see why they pushed me out the door after I was ""Dumb enough"" to not inquire about the Samsung I could have got instead. I can't return it and there is no insurance on it. GG. I better just suck it up and treat her with respect, unlike it's developers. (I can prolly think of more, this is it for now / Should do a real review)

This was a Fail."
Rock Voirob,this video makes me sad ;( i just bought pixel 6a 5 days back
polla2256,"I'm from the UK. In group 2 and just ordered a 7a, fed up of the constant random reboots of my Motorola G200. With the G2 chip and embedded AI this should be at least 1000% better than my current pgone."
Gaurav Kulkarni,Any bees were bombed this time???ğŸ˜‚ğŸ˜‚ğŸ˜‚
NmsHouT,we all are gonna wait and buy it on BBD sale !! That will be the best price for the pixel 7a
chupi,Why dont tech reviewers dont talk about iphone specs when they review iphones as much as they do on other devices. Like what sony sensor the iphone is using or whatever...
Rekha Kolhe,Is thier any heating issue with this phone
Prithviraj Tarafdar,"After 6 months I will be in group 2 
Till then Beebom rocks"
Amod Rayamajhi,Please make a comparison video of the Pixel 7a and POCO F5. Both launched at similar timelines. And also I'm finding it hard to decide.
Md Aftab Ansari,It is still overpriced
Ahmed Shahriar,"this is probobly the best channel in india and bangladesh combined, only if it didnt have music on talking, it could be better"
The Ray,I will buy it for sure around 35-37k
Harsh,ğŸ›‘VoNR enabled or not?
SoLTY,Group 3 : Just get the better pixel 7
Aarif Hannan,"Group 3 ,will be waiting for diwali sale.."
Somu Meher,I will wait for flipkartâ€™s bbd saleğŸ˜Š
Deepak Tanpure,"Hey 7A Bro, be ready for many OS and App bugs

Your friendly neighbour Pixel 7 ğŸ˜‚"
Mitesh Thacker,Kharid kaun raha hai isko jo group devide ho.?? Pixel is a complete flop show outside of social media. I have barely seen this phone is a handful of hands in its years of existence.
Vineeth-V,G3 people : only watching all launches but strictly not to buyğŸ˜†
Suhas Chowdary,As long as they use TENSION processors nobody cares about PIXEL mobiles.  Because they heat up like anything and drain the battery like shit.
Andhavarpu Harish,But how to buy charger
Tom Degreorio,I'm thinking the Samsung A54 is the way to go
wide walk,We're really missing the dope intros
Garv,I am in group 3 aka the ones who are praying for a price drop in the future like the 6a
abhilash Mahamuni,Group 1 till big billion sale. Group 2 in big billion sale.  Group 1 again after big billion sale.
Zain,Reminds of a certain very underrated Samsung phone ğŸ˜…
Sreekar kvb,Group 3: Wait for the Big Billion Days Sale to get the Pixel 7a under 30k!ğŸ’¥ğŸ™‡
I5EEYOU,Overpriced. 30k-35k should have been the price.
Rajesh K,The main problem with google is no fast charging. Especially OnePlus users cannot switch to pixel as it is having only 18w.
Ashutosh Choudhary,group 3 : buy pixel 7 fro amazon for around the same price
Jay Shah,How is battery performance i am buying for first time and I have booked IT
Rushi Bishy,Eagerly waiting for the big billion day sale now where I'll get this for under 30k just like last year with pixel 6a
Lalit Patil,6A still better at 28999
Devarshi Shah,How about pixel 6a in 2023 at ~25-29K Price?
sandeep manimala,Group 3 :- waiting for BB price cut
The Status World,Is it better than nothing phone?
Divyam,It's a good package. I'm in  group 2
itzursan,Really Awesome upgrade from Google... Because I'm 6a user ... Im supported Group 2
Majd | Ù…Ø¬Ø¯ ğŸ“¸,Those bezels man ğŸ˜…....
Donal Sam,Love the phone. Will wait for the price to come down a bit.
Protonu,"But now we can get pixel 7 for 50k, just 6k more than 7a. So shouldn't you go for 7."
YASH K,"We are pixel enthusiast who want best camera,user experience and decent performance
Ps- would wait for BBD sale and would grab it at 35k"
praveen kumar,im in the group thats going to get it for 30k in a couple of months
Jatin Jangra,Wait for big billion days lol
Sathyaki,Group 2 are the idÃ­ots who will buy at 40k and Group 1 will wait for Big Billion day sales and buy the phone at 26k. Lol!
Ankit Jain,Is their any room for another group? ğŸ˜ğŸ˜Group 3: any word on Xiaomi 13 will launch in India?
Basharat P,i will buy this phone in 2025.
Birru Akhil,If i could differentiate i'd be highlighted (not me you know who)
Prajesh,3:19
Mayank Kumar,What about service center availability? Is it same as past or changed now?
Bekhof Gamer,"over price h
34,999 best price"
Ankush Kamboj,"Group 3 : would rather buy pixel 7, which is better and costs 45k. Pixel 7a is weirdly priced, rather overpriced imo."
superheroverse,is it better than samsung s21 fe 5g please reply i'm going to buy.
Sidharth R S,Food for thought: Isnt it better to get a Pixel 7?
Simply Shorts,I'm not in group 1 but I still believes this phone are comes 29999 rs on big billian s time ğŸ˜…ğŸ˜…ğŸ˜…
Nagarjuna Mandalapalli,What was that third game he was playing??
Munch,Group 3 : waiting For BBD sales
sai krishna,Group 1......
randomish,i miss that cool intro.. rupesh pls start using it again
Vish Vesh,"for this pricing if anyone wants to buy it now or soon, its way better to spend more 6000 to get the pixel 7 itself."
Maverick2789,"guys planning to buy this for someone so in this range for the average person who would want a decent battery good cameras are there better options??
pls help"
Gaming with MEDICO,Group 1
Naveen Kumar,How come bezels are symmetrical? looks like a biased review. I didn't expect this from beebom.
Akshith Reddy Thokala,The fact that 499$ 7a  and 1799$ pixel fold having the same chip [tensor g2] is just insane.
Rohit Kumar,"I will g4ğŸ˜‚ğŸ˜‚
Still waiting for price cut....30 k"
Ripan'S,Grp1....it should be 30k-35k
Ved Singh,Two 2 doo
Mohammed Shoaib,Ofcourse overpiriced as 6a's real price has been 32000 for almost a tear now...its just the novelty price..and will be reduced in few months
Abhinav uday,"They are already loosing in for chat gpt and still they think best brand and play like apple being stubborn on giving features they will even loose in smartphone market its time for them to get more sales, Obviously they should give these features ğŸ˜‚"
Gavin janavar deric,"This phone has one nano SIM port and one esim port
Does India supports esim?"
á´„ÊÊ€á´œá´¤ãƒ„x,"Bro why people are so obsessed with power ,  software is everything, experience a pixel or iphone (tho i hate ios ) then you'll know"
Aman thakur,Group 3 watch video only for fun ğŸ˜Š
amol deshmukh,group 2.. because getting 4k of on HDFC credit card. so getting it in 40k
Ashish Sharma,"I am from group 3, who are waiting for BIG BILLION SALE"
TONY CHRISTIAN,I just don't understand why many people love face unlock when the fingerprint scanner works just a good ğŸ˜… .. get an iPhone if you want face unlock lol
L.R. puia,Am in the middle group
Dussa Venu,Obviously grp 1
savke1982,"Insanely huge bazels, no fast charging, price almost as regular 7...ğŸ˜¢"
Sam,"The main advantage of pixel series is Android updates
Pixel will get first and three full updates and security update for five years

None of the brand gives this"
Ayush Vaide,"Group 3 , when 7a will bi under 30k ğŸŒ"
Starboy Techxi,"Bro just came out from darkness, Batman"
Bidyut Bikash Das,Watching it in my Pixel 7 and I can't find any difference from my phone apart from maybe glass back.
Shahaan Mohsin,"I just don't understand Beebom's recommendation at times.
How can this be a good package at current pricing, it's priced so closed to pixel 7 (currently retailing at â‚¹49,999 w/o discount), which has better build + better cameras+ better charging.
Pixel 7a is definitely slightly overpriced, and people will only start getting this once the prices are slashed, just like what happened with 6a."
Harsh Tekwani,Bezels  are deal breaker for 44k
1 is Good,But confusion is 7 all ready price is 45k and 7a price is 43k ? That's mean big brother (pixel 7) is a good choice for purchase!..
sandip bajpayee,Group 1
Gilbert Cabral,Group 1 - The ideal market to be targeted is now 30k to 35k...
MD Ferdaus Al Habib,What is the name and model of the white wireless charger?
Jonas,"6:05
I'm in Group 3

Wait a few months for the price drops, just like the older pixel A phones."
Satya Singh,"Group 1,bcz I get my pixel 6a at 30k only"
Brendon Mccullum,"Will buy it next year at â‚¹28,000"
prem magar,BezelsğŸ‘
Anupam Dubey,It's overpriced
Ankit Dubey,Can you compare it with oneplus 11r? Because 11r is very good value for money rn.
Aniket Shaw,Lets just compromise on specs and 120 hz amoled but then pixel 7a is a good phone ğŸ˜‚
Ganesh Narayanan,"I have a pixel 6, after using this for a year I'm experiencing a horrible battery condition. 
It barely stands for 12 Hrs. The phone is discharging 25% of the battery overnight. 
I totally dislike the phone now."
beehack,"44k frking overpriced 
Why even launch that as 7a if price is matching with 7"
Aashish,Waiting for big billion days and great indian festival sale to buy a phone. ğŸ˜…ğŸ˜‚
Dhirender Singh,Why not go for pixel 7 by paying 5k more?
Kevin Parre,"Is moto edge 30 ultra a better deal with sd8 +gen 1, 125 watts charger included  in the box, curved display, and same 3 years of android update.... Confused between 7,7a  and 30 ultra..."
Soumyabrata Roy,"With only 6k extra , pixel 7 is a better buyâ€¦ IMO"
Ratnesh Sah,I'm in Group A waiting for Price Drop to Become Group B
Vamsee Nunna,"Yea, the bezels looks almost as thick as an iPhone!"
Hitesh Bhatt,In Group 4: waiting for GrapheneOS to support this.
Hritik Raj,"Groups 3, wait until it's @35000"
Rahul Balak,I m in Big billion day group
Arup Mondal,Better than A54
Sharan R,"I will say, just wait for a while.
Go through, reviews for one month. Then go for it.
Offer days are coming. Big deals Big days."
Aditya kiran Choudhury,Group 1 due to the processor
Anis Ansari,Group 3- Well balanced (after card discounts)
9 to 5 traveler,pixel 7 for 45k only ğŸ˜‚ğŸ˜‚
Sudipta Sen,"no group, but it in Big billion"
Irvin Raj,Instead I would just wait for an year and buy the Pixel 7 instead keeping the 6A as well! ğŸ˜… The 6A is still the best for its price but i guess the 7A is not worth the upgrade for its features and price.
Sibghath Khan,18 w charging lol
BurntW,"Honestly, Pixel 7 is same price as Pixel 7a if you are selling your old phone. If old phone is worth 10k, Pixel 7 will give 3k exchange bonus. + There are HDFC card offers.
Pixel 7a= 44098-4000(Card)-10000(exchange)=30098/-
Pixel 7= 50098-6250(Card)-13000(exchange)=30848/-"
Bharath Cs,Using same Exynos 2100 chipset and calling it tensor 2ğŸ˜‚
Amit Tekriwal,ğŸ¥ğŸ¥Enters Pixel 7ğŸ¥ğŸ¥
REY,"Well I'm in group 3 - waiting for the price to go down , so we can purchase it ! ğŸ˜‚"
Zaman zia,Pixel 6 pro available in 30K in indian second hand market
Katta Krishna,Claiming 18 watt charging as â€˜fastâ€™ in 2023 is criminal and i think its still overpriced. A price around 35-40k would have been good
Parvaiz Franco,group 2 certainly
Rakesh Dangwal,When will pixel 8 launch ğŸ˜®
Ashik Aliyar,"Everytime pixel comes with a deal breaker. This time the Bezels around the display is annoying ğŸ˜¢.
.
Last year im totally confused of pixel 7. And i bought for S22plusğŸ˜‚ and Happy..

As a pixel fan, My dream pixel is still a dream."
N U,"18W charging with a okayish battery damn whyyyy ...
At least 30w??ğŸ˜"
Tabish,this pixel will destroy nothing phone 1
Sukruth S,still group 1
Arslaan,Does it has basic features like AppLock and other security features like passcode for restart etc
Gautam Juyal,Pixel 7 and 7a look quite thick in my opinion.
Amol Bhardwaj,Group 3 no money to buy it ğŸ˜¢
Dr. Nova Potter,Group 3 - Iphones r the bestâ€¦â¤
lazimbin hussain,Need a comparison Pixel 7 vs pixel 7a
Tejas Chaudhari,"I am in group 3, I will wait 6 months when the price will go down."
Skyline,CHINESE PHONES are dead nowğŸ˜‚
Anshul Nigam,"I'm definitely gonna pay for the User Experience!
I have been using Pixel ROM on Poco F1 for last 2 years and I'm loving it. 
I've been a Mi Fan, but now I want something clean like this one, so this is gonna be my first phone that I buy from my salary (probably in BBD sale)"
Rutvik Reddy,In the group that'll prefer the Pixel 7 instead for ~6k more. The pricing really doesn't make sense when Pixel 7 which is clearly a better phone overall costs only 6k more.
Ujwala Wagh,Sony xperia launch
WorldforGeeky,Pixel 7 purchase kr le is price me ğŸ¥²
jugabrat sarma,"Its kind of mehh considering the price and the huge bezels. looks really matter a lot. 
Nothing's camera experience was better than last year's 6a. Pixel Experience is what makes it unique and nothing else that proportionately."
Ujwala Wagh,"â‚¹36,000 to â‚¹30,000 best price"
Shyam,"Will it not heat up while video recording like Pixel 6a. If it doesn't, i will not buy it"
bhuwan chandra,"I am in group 4 who waits for price of 6a/7a to drop and while waiting the new a series is on the horizon and we thinks to ourselves to wait even more and end up never updating to pixel series. 
I have bypassed 4a, 5a, 6a and will bypass 7a also to stick with my LG G8x."
Robin,Waiting for big billion daysâ¤
Anuj Kumar,I am in group 2 even tho i am watching this video on an 13k phone ğŸ˜‚
SP3 Associate,Group 1 now and in group 2 at big billion days ğŸ˜‚
Anuj Kumar,4:56 how did you get that metro shotğŸ˜‚?
Jason Downey,S21 Fe still a better choice
Kedar Punagin,"Saabji ham group 3 me, jo hai so hai, ham to le hi nahi sakte, phir bhi video dekhlete haiğŸ˜‚ğŸ˜‚ğŸ˜¢"
Christian X2S,Let us know when the Price drops to under 40K
Jigsaw Lod,5:27 7.5W wireless charging
Abhishek Singh Sambyal,Phone looks bad. Feels like a 20k phone. Look at the bezels.
afsu k7,wireless charging 5w
Kedar Punagin,"Bro those bezels are too thick, they look worse than XR AND iPhone 11"
Salman Majid,"Beebom is like Sprite, "" Sidhe baat no bakwas""... I m in Group 1 till BBD"
Hare krishna,Does wireless charging affects the battery life of a phone in long term if we charge the phone overnight daily?
Piyush Choudhary,The wireless charging is like 7.5W and not 18W
Nishant WASSAN,Group 2 after 6 months
bharath babu,Overpriced
Yusuf,"I Am from Group 3   (( lets buy this in 2024 after releasing Pixel 8A, so that i can get it around 28-30K ))"
Om Prakash,if the bezels were thinner you cannot tell me this isnt among the best phones for normal human beings
Priyam / AuRa,Memory is just 128gb? No other options available it seemsâ€¦ thatâ€™s disappointing
hello,This phone or iPhone 13 during sale?
Sober Samurai,I m in a group 3 in which I wait to price drop of 7a on offers like 6a n like to buy under 30k
rahul horo,Im in group 2 as every necessary feature is provided in 7a plus with a sweet refresh rate 90 hz.ğŸ˜ŠğŸ˜Š
Vinit Wagh,I'm in group 3 which who waits for Diwali festival season sale and then purchase itğŸ˜‰ğŸ˜‰ğŸ˜‰ğŸ˜‰ğŸ˜‰ğŸ˜‰ğŸ˜‰ğŸ˜‰
Soumalya Paul,"I have been waiting to get my hands on my 1st pixel device.
Pixel 7a looks dope. I will def wait till bbd 23.
Price will come down and hover within range >35k<40k."
Asif Irfan,Pixel 7 kudosğŸ‰
Abhi Dhoundiyal,Apart from 18w charging it's a good package
Akshay Srivastava,Will be waiting for competitor devices to launch and see where it goes. I think this year will be interesting for mobile devices.
Rahul Sharma,I am in Group 2 but waiting for BBD sale to get better exchange discounts.
chetan prajapati,G1
Starlight Ocean YT,"I have faced a lot of  connectivity issue with my pixel 7...no proper 5g even not 4g+ğŸ˜¢
And im expecting same with pixel 7a with a poor connection ğŸ˜¢"
Kenz,"Still it has more bezzel
Nothing phone 2 will kill  both pixel 7a and samsung s23 fe"
Pinder4u,"I have Nothing phone 256GB  8 months old and am getting valve of 32k in exchange, does it make sence for me to get pixel ?"
Mandar Kahare,Pixel 7 is available at same price
Naman Arora,group 1
avula akshith,"18 Watts charging ğŸ˜‚ , even samsung upgraded s23 series to 45 Watts."
MrV,"I don't know why tech youtubers are ignoring the Network and WiFi issues in Pixel phones? In Pixel 6 series, it was due to a bad modem. But in 7 series they changed the modem and the issue was still there. Google needs to fix this issue ASAP, because the basic fuctionality of a mobile is to make and receive callsğŸ¤¦ğŸ»â€â™‚ï¸. Instead of boasting about the camera and AI, may be these tech youtubers has to give a review about connectivity performance from the phones."
vikas mathankar,group 3 - BBD
Mukesh Pawar,Group 3 .. Waiting for a few months to reduce prices like 6AğŸ˜‚ğŸ˜‚
Bhawesh,45k for pixel 7 is wayy better deal than this..
Akshay jojo,Im in group one untill the price of the phone goes under 30k
Aman Mondal,I am in group 3 who will wait for 5 months and then buy if when the price falls below 30k or just get the Poco F5 considering I am still using my Poco F1 I seriously need a major upgrade and that Poco F5 is looking great only confused about gcam support since I have been addicted to gcam ever since I was able to install it in this Poco F1 anyways my choices are either 7a or poco f5
Akhil Virat,Google fixed everything except priceğŸ˜‚
Bappy,"ğŸ˜‚ 2 days ago i sell my 6A 
30 thousand taka!
Which I bought 38 thousand taka!

Now planning to buy 7A! Very very upgrade"
Papabear Youtube Videos,ğŸ’°paise ho toh GROUP 1.. ğŸ’¸ Paise na ho toh GROUP 2ğŸ˜†
Bony Jose,If the phone hand 7+gen 2 Instead of that crappy Exynos ğŸ˜¢
Rohan Sharma,"pixel 6a has serious call
drop issue"
Hell Boy,Didn't mention the fact that price reduce to 30k during October
cat man,I am in group 3... waiting for the price to go downğŸ™ƒ
Debu Mahato,I will buy pixel 7 over pixel 7A
Amit Kumar 1.0,I will purchase it this year if its price go down
Ragboy's Interesting life,"Pixel 7A really impressed me as an all rounder phone with decent Performance, Beast Cameras (for 40k), features like IP67, Witeless charging, etc., Display is Good with 90Hz but not the best with that Thick Bezzels and Battery is decent! But at 44k, ITS NOT A BUY!! Pixel 7 at 45k in sales makes more sense! Wait for BBD and 7A would be available for 35-37k easily! 
But yes its a Good upgrade over 6A"
ARZY,WHEN YOU REALISE THAT ONEPLUS 11R 5G IS A MUCH BETTER PACKAGE THEN THIS ONE!
Aliasgar Abid Sabunwala,Everything Google brings is mind-blowing.
BitCoin Heist,This is not a amoled display?? .. paying 40k for a LCD screen is big no no in 2023 ğŸ˜‚ğŸ˜‚
CoolGuy55000,"Price of Pixel 7 in India currently is â‚¹50k! There's no reason to buy a 7a at MRP launch price, if you can spend 44k then you can surely spend 50k. 

Wait for a sale for minimum 10k off and then we start talking."
GOPANNG,EXCEPT THE DESIGN THE REST OF THE PHONE IS AMAZING IN ALMOST ALL ASPECTS
Raudradaman Thakur,Going to buy this one on sale. ğŸ‰
Sujit Tiyar,Group 1
ãƒ´ã‚£ãƒƒã‚¯ãƒ³,I purchased pixel 7 on hype because of yes google google but even it had bugs. I had chance to buy s21 fe with way lower price but i still thought because its Google it would be better. I was wrong so before you go ahead and blindly buy 7a i would recommend you to think and check if there are better option per your need.
Micheal Bay,"Is it waterproof, I always dump my phone into ğŸš½ ?"
Harivansh Chaudhary,I can't ignore those thick black bezels ğŸ˜
Ansh Agarwal,Gorilla glass 3 seriously ğŸ˜‚ğŸ˜‚ğŸ˜‚
SHAIK IRFAN KAREEM ALI,Pixel (& A series) get heavily discounted after a couple of months. Buying it at 44k or 40k is absolute waste of money. Next 3-4 months the phone will be available around 30-35k. Thatâ€™s when you could pick it up. ğŸ˜‚
Akshay Chaudhary,Overpriced
EARTH,With poor service network
Ashesh Bhusal,over priced
Risab Gurung,
PRASANJIT DAS,"Group 2,but I will surely wait for price to drop a bit in sales and then purchase."
17BME3154 RAGUL V,I belongs to the Group who wait for Big billion day salesğŸ˜…
Rishi Raj,I'll be in group 2 next year ğŸ˜‚
Bharat Matani,Still waiting for the service centre of Google so that I can buy this flagship
Lord Voldemort,What about the camera lens shattering issue????
sabharish anand,"Pixel 7 is 45k, pixel 7a is 40k."
Prathmesh Dhurat,Buy pixel 7 in deals for the same price
Suraj Singh Rawat,I would still go for pixel 7.
Iron mask,Group 3 - Wait for the price to drop ğŸ˜‰
Vishwajeet shinde,"I M IN GROUP 1.5
ğŸ¤£ğŸ¤£ğŸ¤£ğŸ¤£ğŸ¤£ğŸ¤£"
Wade Wilson,"I just bought it, it prices to 37000 after all discounts, charges 0-100 in 70 mins with Google 30W charger, wireless charging is definitely on slower side. Camera sensors are good but it won't feel like Pixel 7. A good bargain for 37K I would say, definitely a premium upgrade over Pixel 6A but if you have budget for 45-50K, go for Pixel 7 instead of 7A."
Honey Singh,Price should have been less than 40k ğŸ¤‘ğŸ¤‘ğŸ¤‘
Sampath Kumaar,Group 3 - wonâ€™t care about it
Kalu Babu,Eh kanya ğŸ˜…ğŸ˜…
Yagnesh M. Bhadiyadra,Group 1. Samsung is way better
DURLOV CHANDAN,"My question  is why should  I go for 7a, when 7 is available at the same price after discount?  Is 7A better than 7 , if not then 7A launch does not make sense"
Mayank Jain,I really wish that Google brings 256GB variant too. I think Pixel devices for the price are solid and great devices.
Mr Morningstar,The bezels are just too much
sk faiyaz,Group 3 i will buy pixel 7 in bbd ğŸ˜‚
MellowMood,"I think they should give larger display (Atleast 6.6"")"
Archit Shukla,I am in Group 2 for Pixel 7a!!
artto heart,Group 3
Vipul-on-guitar,Group 1
Sagar Chakraborty,I would take the pixel software any day over raw performance + blotware. So I am in group 2.
Aarav,Group 2 @39999
abhishek saxena,It would be helpful if you compare with 7 as no one is going for 6a now
Billy,"Pixel 7A     
Display               : âŒ
Battery charger : âŒ
Performance     : âŒ
Multimedia        : âŒ
Price                   : âŒ
Camera              : âœ”ï¸
Software            : âœ”ï¸
Features            : âœ”ï¸"
Rajat Verma,"I am seeing a Good Upgrade over my Oppo OnePlus 9R , this is Very good upgrade but still i am looking for Nothing Phone 2 also.â¤"
REVIEW YT,S21 FE 5G >>>>>
BabyJery S,Galaxy S21 Fe for 32k. Much worth than thisğŸ‘ŒğŸ‘Œ
Baranidharan Sivasankaran,"I am still in group 1 sir... overpriced. The deal breakers for me would be the lack of a 256GB storage (where can I store my 4K footage??) version and fast charging! 18W charging in 2023 is atrocious to say the least! This is where our Chinese friends are differentiating themselves from their rich cousins from the west!! But, I am still hopeful as Google might bring my dream pixel at an affordable price bracket in 2 years timeframe! Fingers crossed!!"
Saurav Badaik,Group 3: can wait for the price dropğŸ˜‚
BREAKOUT ,OVERPRICED....ğŸ‘
Sajad Bhat,Chatgpt will overtake google before google overtakes 67W charging speed. ğŸ¤£ğŸ¤£
ashish gupta,I will be in group 3 which means thatğŸ˜‚its a good phone but generally Google phones price drops alot and will wait till sale where it will be around 30-35k and then will buy it. Although its a great package and deal to grab on. Impressed with 7A. Mostly awaiting for you to review the Fold too of Google
Nishant Singh,It'll definitely get a price cut in next sale.
GamingwithDranzer,Me: Group 2 & waiting for big billion daysğŸ˜…
Prashant Sharma,Grp 1
Rohan Naik,"The bezels are a big let down. Google just isn't serious for India. The specs are also average. On the contrary, the poco F5 looks much more promising"
HUMAN,"I am gonna wait for 6 months
So it's price drops a bit
Coz 
Once a pixel user will always be a pixel user"
RAHUL JAIN,"Not for heavy users, fast charging is not fast enough in 2023, ""Group 1"""
RAAMPAGE,Group 3: don't care
Abhiraj Sahu,Group 2 during salesğŸ˜‚
Atul Rahi,Can you please share an in depth comparison of pixel 7a with S21 FE?
Manjit Sarma,The only complaint is with Battery capacity!
Sumedh Bamane,"I'm ready to exchange my Pixel 6a when 7a comes out , it's been only 4 months since I bought the 6a."
Rahul Shaw,The biggest disadvantage of buying pixel phone would be the depreciation in value of the phone in the next 6-9 months. Wait for the big billion day sale and it would be worth the price.
Sai Prasad Biswal,Group 3 waiting for price reduction and get it under 30k
nothing matters,It is an AI phone! ğŸ¤©
Ashutosh Kadam,Overpriced
SARANG REVINDRAN,"I just bought a picel 6a, so I'm in group 1"
PRATHAMESH PARAB,It's a good phone with the price tag it should have
Dheeraj,"Iâ€™m in group 3 who will pay just 2,000 more and get the pixel 7 instead ğŸ˜‚ ( pixel 7 is selling 45k on Amazon )"
Coer Mech,"Good attempt but 7 is selling in india at 45k. 
It makes no sense to buy this phone."
Ujjwal kumar,"You can't manipulate us, pixel 7a is still overpriced. Cameras are good because it's the successor of pixel 6a so it has to be."
Rajesh Aravapalli,Group1
SL Cricket Memories,Does anyone know the camera hardware info? Is that a Sony sensor?
Ashish Sonaniya,"It's still overpriced, i will just wait for it to reduce the price to around 30k, then only i am going to buy it if i Want a new phone"
Nishid Rai,"The only thing keeping me from switching to Google would be the storage issue. Otherwise a good alternative to samsung. I don't like the Chinese alternatives, good hardware wasted on horrible software support"
Jejo Jose,Did you forget to name tag the images ?
Murli Manohar Jajra,Changing is slow and price is much high
Swapnil Kundu,Overpriced.
Noob Programmer,right now in group one but will switch to group 2 after 2 years lol!!
Akash,Buy pixel 7 instead by paying just 5k extra.
Viney,Wait for pixel 8a
Udaykiran .p.p,Still group one because they could have upgraded the battery
Siddarth Singh,please say the truth usb c 2.0 or 3.2
Sumedh Alkutkar,Currently the Pixel 7 is available at 44k on amazon so its a better deal than 7A
Savith Shenoy,"Like 6a, 7a price should drastically drop in abt a month."
Mohammed Meraj Khan,"Group 3 - price drop.

OR

Group 4 - not buying it"
Deep Khanderia,Waiting for S22 or S23 FE edition ğŸ˜…
Deepjyoti Ojah,35k would be a good price to buy this. A sweet spot.
Himanshu Das,Group 1
Sourav Chatterjee,Still 18w??
Hun ,Let me come to 30-35k in October ğŸ¥¹ThenğŸ˜
Chirag Parmar,My Galaxy s20 fe 5g is better than Google pixel 7a it's better 120hz display bigger battery better performance SD 865 better ğŸ“·
Srijit Paul,It is overpriced. Should ha costed around 35k.
Raviteja A,Group 3 waiting for big billion days ğŸ˜…
notorious d,Pixel is for experience â¤
Himanshu verma,"Don't forget to mention that pixel 7a is bjt more expensive in $, but whereas in india at least they kept it the same as last 6a. I think it's a Good phone."
Anshumaan Gangwar,You can buy pixel 7 for 45450 and S21fe for 29999 right now
Mayank Patel,Bad phone
Vaastu Bharil Jain,Group 3 just viewing
yash kadam,Its overpriced especially considering we can get pix 7 at 49999
Ñ•Ï…Ğ¼Ñ”âˆ‚Ğ½ 	ğ“€« â€¢ 12 years ago,"As of now, the discounted Pixel 7 is a better buy but Pixel 7a will go on sale too making it the best all-rounder phone under 40k unless you're into heavy gaming."
MD Arbaj Momin,That intro and that lightings â¤
Akshay Vengal,Google has done a good job since Pixel 6 and even better since 7 with their pricing in India.
Izuku Midoriya,"It is priced near to the Pixel 7, so who would buy this dumb overpriced device"
JAVEED ğŸ‡®ğŸ‡³,"Beebom: chall... meko ny karna 12, 15 minute ka video..."
Sandru Sanu,2
Sabareesh_619,"Is there any issues with calling, network, wifi ?"
Dr. Altaf,"I cant understand why there control pannel always remain dark , it bug or what the reason cant understand ğŸ˜"
Arpan Guria,Group 1 for sureâ€¦ anyways Pixel price drops are fatal. Itâ€™ll trickle down to around 30K by this yearâ€™s BBD Sale maybe?
HarÃ¯Om Atkar,Jo he vo hi sahi he na group 1 na group 2ğŸ˜Š
Kish0R,group 1
MK Linux,G2
Ashin PM,This will be a no brainer during sales
Shourya Aswal,I am in the group that will wait for big billion day
Aman Verma,Pixel 7 is still better in 48k than 7A in 44k ğŸ˜‚
SUMIT SINGH,Those who want to purchase this mob wait till sep or oct for Big BILLION sale .
Unknown,I'm in group 3 who waits to price drop and buy it at under 30kğŸ˜‚ğŸ˜‚
Deepanshu Ujjainia,Let the price fall to around 30k. Maybe then i will consider.ğŸ˜…
Sidhant Jain,ab to lgta h main e bhgwan hu.. subha subha ummid thi mjhe fon open krunga aur pixel 7a pr videos flash honge saamne and it happened ğŸ˜…â¤
SKIY,I am in Group 2
debverine,"Feel like owning it for the camera, so Im in Group 2. Would love a detailed video/photo test review"
sayan dasroy,Does it have the manual mode?
Hemanth Kumar,Does 7a support Spatial Audio?
Anwin Syras,"2:57 , mahn look at that bezels , it's like an I phone se type"
Richard Topno,"Yeah, Group 2 but would surely wait for the price drop because the phone is solid ğŸ’¥"
Piyush Aryaprakash,"I hope the price will go down like pixel 6a with offers and sales, as pixel 7 was selling for 44k during the sales . So anything around 30-35k is reasonable"
Bibhuranjan Nath,"It would've made sense for this to cost around Rs.30 - 35,000. For 43K its way overpriced."
Listen Up ğŸ¶,"I am in group 3
When the price will drop in next sale I will buy pixel 7ağŸ˜‚"
Balwant Surti,I am in Group 1. Good review.
SS,Group 1 until the GIF and BBD sale kicks in ğŸ˜…
Deep Kagathara,Who at Beebom reads â€˜How to build a carâ€™?
bihrooz asimkhan,iam in group 1 ğŸ˜‚ğŸ˜Š
Harikrishna Ampady,Were  the connectivity issues solved?
BIRAJ DAS,"Group 3
Waiting for Filpkart BBD saleğŸ‰"
Bhat Armaan,Can't afford but still watching love from j&k
Vikash,Group 1
Harsh Ray,I am in group 3ğŸ˜‚ who will wait for its price cut at around 32k
Ram sharma,Group 2
Subhasis Dey,"Once I used a Pixel for daily use as my primary device, I'll never switch back to any other device, even I'll say no to iPhone over Pixel, except raw performance there is no match."
wiser,Group 3 waiting for price drop ğŸ˜…
Subhojit chatterjee,I don't know why tech youtubers glorify slow wireless charging. I would rather prefer a fast wired charging than a gimmicky wireless setup. Pixel 7 seems to be a much better option now.
Samyadeep Purkayastha,"The bezels are ugly for a â‚¹40K phone
None gives a F about Wireless Charging in India"
Sabyasachi Chattopadhyay,"I am a student and I want a decent phone in that range, Should I get a google pixel 7a or google pixel 7?"
Sachin Dighore,No update in charing still 18watt ğŸ˜‚ It will take 2 3 hrs to charge
Abhishek Arora,Fast charging makes more sense then support for wireless charging.
Berserker,overpriced
PN Vlogs,Obviously group 1
TheShortsWalaSWAT,Group 1 It should have been priced somewhere between 30-35k
Rajesh Subramanian,"I have been using pixel 4a for the past 2.5 years and became a big fan of it. So will upgrade to 7a, not now but probably towards year end."
Ek Musafir,Why buy it at 44k when pixel 7 is selling at 49k?
Rj,44k? I would rather buy OnePlus 11r
Pratik Tandel,"I bought P7 at 46k with discounts and this product is in the same territory.
Pricing Google pricingğŸ˜‚"
Jaseem Ksv,Buy it on sale....
Prasun Shome,"Only 2 things that disappointed me:

1. Limited storage of 128 Gigs, YET AGAIN! Its 2023 and still Google doesnt offer 256 GB as an option which is a big bummer

2. Charging restricted to 18W. When majority of the Android community has moved to 100W or above, Google is still at pre-historic 18W. Should have given atleast a 33W charging speed if not more. This will take ages to get charged

The pricing looks good NGL. However just waiting for the Nothing Phone 2 before deciding which device would be apt for me to upgrade to from my existing OP 9 Pro"
Sub Human,How about Pixel 7?( considering the current pricing between 7A and 7 )
VETRI,Group 2
TheShortsWalaSWAT,One can buy pixel 7 for 45k ğŸ˜Š
Piyush Singh,The thing is if anyone is providing around 40K + to a brand he wants an aspirational value with only apple provides .
Arkadeep Majumdar,"I'll be in the Group 3, where I'll buy this Pixel phone 3-4 months after its launch. It has been seen previously also, the prices of Pixel phones drop drastically within 4 months of period. That will be the best balance between Overpriced and Good package."
Ajay Kudtarkar,Can any one help me choose my next phone here ? Pixel 7a or pixel 7 or pixel 6 pro ? My budget is below 45k
Sudhir Kumar,"I am in neither of the groups you mentioned bruh, I am in the group which would like to wait for a price cut"
Barrel Halo,Group 3 waiting for the reduced price during big billion ğŸ˜‚ğŸ˜‚
Ajay Kudtarkar,Why would anyone by 7a when 7 is available almost for the same price ??
Raven,40k hota to group 2 mai chala jata ğŸ˜…
Rajan Baliyan,"*I am using Google Pixel 6a device since last 5 months. And I am not able to make direct vedio call via carrier network , I want to directly make a vedio call to my friend, for which I have to use Google's app like Google meet or Google duo for which we have to provided with high speed internet connection. In India internet speed is not so good in rural areas. This is not a user friendly behaviour by Google. It's a monopoly. We are using Google product itself. So atleast Google can give a access to direct vedio call. So that we can call using carrier network like JIO Vi Airtel. The second thing is pixel get too much heated during normal YouTube suffering and vedio calling via WhatsApp, from both back and front, that it start giving you warning on temperature increase of your handset. That is pathetic. These problem are as it is after many updates rolled out by Google. I had sent my complaint to Google itself till now, that query is in progress..... And Google had locked my comment from community, so no other users can relate to my problem. Please its a heartful request to everyone please don't buy new Google Pixel devices, go for any other phn*"
Raghav Rai,Group 2
Chinni Diwakar,Google makes phones as if they dont care.
Saptarshi Dhar,"Tensor again ? Exynos's stepbrother, no thank u !"
Sweta Padhi,"I'm in the ""wait for October sale"" group ;)"
Prashant Gawande,I m in between both the groups who will wait 1 year for price drop
saurabh yadav,"Pixel 7 @44999 
So group 1 although it is a good package"
Abraham Palraj,Watching this video on pixel 3ağŸ˜…
Raghu,"Still in fence, currently using pixel 4a, I will wait till BBD sale to get this   beauty."
Suraj S,Will it's price drop like pixel 6a
RISHI EXPERIMENTAL,I agree with you sir my vote for group 2
S4QU1B,1
Vijayant Chaurasia,There's a group 3 that will wait for Nothing Phone (2).
arun kumar,"Group 3, waiting for the price to go downğŸ˜…"
The Sweet Stuff,"Pixel 7 users be like ""30 din me pessa double""ğŸ˜…"
Nagendra Babu,"Group 3 
Wait for BBDğŸ˜‚"
Prem Prabhakar,i think its a good package.. but i'll bide my time and wait for its price to drop below 30k
Sreekanth Adicherla,Group1
Ayush Bora,Group 2 man this time its a strong package that google offers.
JIKS EDITS,We Are in between A and B who waits for sale and will grab it at 30K ğŸ˜‚
Tharun Gowda,Will 7a price goes down to around 30k like the pixel 6a ?
Vivekananda Pattnayak,Wait for next year saleğŸ˜‚
Manideep Battula,"You can get pixel 7 for 44,250 just pay 250/- more and get the flagship ğŸ˜‚"
Bharat Vashistha,I am in Group 3 who is going to upgrade from Pixel 6A but wait for BBD sale so that I get it for below 30K.ğŸ˜‚
NCR WALA GURJAR,Waiting for big billion days ğŸ˜‚
Derek Harris,Group 2
Chinmay Teli,"6:28 Group C: Experience
Wait for 1-2 months price will reduce to 30k. at that price it is not overpriced and is a good package"
Shubham Salil,I am in Group 3. Just wait for the prices to go down like Pixel 6AğŸ˜‚
Harshal Sawatkar,Group 2 here
Dev Mehta,Group 2
Dr Thirteen,"One of the most crucial part you neglected is 18w charging, bought 6a for 25999 in latest sales, honestly no big problem with 60hz, wireless charging is not a must have feature and coming to camera it does great post processing so 7a with out fast charging is total waste of money at 44k"
Vanlalhmachhuana,My biggest issues on pixel phones is that there is no call recording option unlike any other phones and the camera sounds cannot be turned off even when it is on silent mode
Ashutosh Tripathi,i am in Group BBD
Abhijit More,"I'm from Group 3, slightly overpriced but a decent packageğŸ˜‚ğŸ˜‚ğŸ˜‚"
Sagar S,Overpriced
Joseph jacob,People will buy 7 instead of 7a
Chinmay Teli,dont buy now. wait for 1-2 months price will come below 30k
VENOMYZER,Bought it already.
Bharath G,@beebom no groupism please
Suyash Bajpai,bro pixel 7 was available for 44k in amazon
sudhanshuwu,"The wallpaper looks sick, is it pixel exclusive ?"
Aravind Sankeerth,I have a Pixel 7 from USA
AshishTomar,Group-3 ğŸ’”
Sreehari P,Group 3 : wait for price drop
arun kumar,So which is better S21FE or Pixel 7a ?
Kunal V,Would rather invest 5K more and get the pixel 7 instead
encoreartZ,Wait till price drop. You can get it at 35k i believe
vamshi kailasa,I will buy in next big billion days....ğŸ˜
Aravinda Babu R,Group 1
hinsing,7a is priced similar as 7 .
Chiru Naidu,I frankly feel like this 7a is not worth the 43k by getting a antutu score of 7lack where all other phones in this price range are getting 7 plus gen 2
Parth Gandha,"6a launched for 44k in July 2022 and is now available around 30k.
Better to wait 6 months for the same thing to happen with this."
Sanjiv Mishra,Buy pixel 7 just by paying a few more bucks u get a lot more
MAHESH YERRAM,pixel 7 is at 49k how close or far is 7a from 7? for that 6k difference ?
Over The Tech (OTT),I'm in group 3 ğŸ˜‚ waiting for BBD sale
Baldgeta,128gb is not enough in 2023. Need at least 256gb
Prannav,Pixel 7 vs 7a
Syed Shouaib,I love pixel phones main reason im scared to get it is bcz of privacy
Morning Mocha,It's a good phone but I'm gonna buy it if it comes around 34-35k or under. It's better to buy pixel 7 rather than 7A at 40k
karansing jonwal,Group 2
Goku Vinod,I'm in grp 3 waiting for the price to drop down in the BBD sale so that I can recommend to frnds
Abhishek Awatade,"I am in a group ""I can't afford it. """
Farhan,Group 1. Always will be!ğŸ¤£
abdul khader mohammad,Group 1
NISHUGARVU,"40k seems little expensive
It should be 35k
Just my opinion"
Dâ€¢estiny,Jenshin impact ğŸ™‚
Avinash Anand,Will buy it when it comes under 30k in BB sales ğŸ˜‚
yash,I think 35k is fair price
Nikhil Patil,Group 1: overpriced
Sumit Singh,They made a 9mm thick phone and still couldn't manage to fit a bigger better.
jithin sankar,I would go for a 33 Watts charging than the wireless charging ğŸ˜…
RetroGamer,You can get snapdragon 8 plus gen 1 for this price but the camera might be good in Google. Idc because performance is future proof
PQRest,that squarish design is just soo.. good. phew..
sunsh9n,Just buy it on sale ğŸ˜€
Pranav Patil,"Not worth it, guys don't forget to consider the after sale service. It's pathetic for google."
Korrapati Sree Harsha sharma,"Pixel 7a is Overall a good package.. but seen some of videos on pixel fold as well I say a good attempt on hardware side , software on pixel fold is better ğŸ˜‰......."
Nishant Bobby,Group 1
Charan Devapongu,"definitely group 1, pixel 7 costs below 50k ."
Nagarjuna Srinivas Komma,Would rather buy a Pixel 7 for that Price.
Sarang Harkare,Group 2
Satish Chandra,Group 2
Debi prasad Mishra,Group 2 off course â¤
Atanu Saha,I'm in gr.3 who will wait for the BBD sale to bring down its price to 30kğŸ˜…
sudhish ram Reddy,I'm in Group 3...  I'm waiting for big billion day price cut ....
Babji Paidala,Group 1 now and group 2 while Big billion days ğŸ‰
Sai Saurav,Is it worth for 34k after exchanging with my op6 ?? Or should i consider other options like S21 fe oe Poco f5 ??
Dhanesh S,"At that price, why not just get the pixel 7 instead. Google should definitely reduce the price to 35k"
Krishna Prabhu Pothuri,Is it 18 w wc?
namit gupta,Group 1
Legacy 5,Just 4000mah battery in 2023?
Anshuman Parashar,Which platform will it be available on?
Akash Sarkar,Overpriced
Pawan M Bhat,"Idk why are you comparing it to 6A, rather than 7"
Jagpreet Singh,Pixel 7 is selling for 48k on Amazon. I think pixel 7 will still be a better option.
Yash Raj,Over priced
Javid Naseem,But you can purchase pixel 7 instead which has CG Glass Victus
Yaruishang Jagoi,"I'm in group three ""Can't afford it!!"" ğŸ’€ğŸ¤£ğŸ¤£"
Tejash Singh,I feel that.. They're really slow about upgrading  the battery capacity.. I'm a huge pixel fan and I really want to buy it.. But the battery..!!
RONá˜áá—«,"If the offers and deals come 
And the price goes under 35k
Then its a good deal ğŸ¤ğŸ¾"
Maninder Singh,Why not buy pixel 7 at the same price??
LvL Up,"I am in group "" Get Pixel 7 instead"""
Srashta Saha,Group 3 â€œwait for it to get below 35k in saleâ€ğŸ˜‚
Gopi Nath Ankupalli,Let's wait for BBD and great Indian sale
Abhishek Chatterjee,Pixel 7a is added to my BBD 2023 Wishlist ğŸŒ
Abhinav kumar,"With google 6a still in the realm of 30k pricing, i dont think 7a price is going to drop any soon"
Chandan Mahato,Group 1 covert in group 2 after the price drop like pixel 6AğŸ˜‚ğŸ˜‚
Kamran Kaifi,It seems like pixel 7a is better than flagship pixel 7
Tapan Kumar Samal,I am in group 3 ğŸ˜‚ğŸ˜‚
Abhishek Gupta,I just bought the Pixel 7 for 43k
Vidhyapathi A,Group One
Akshay V-Log's,Group 1 for every Phone...ğŸ¤£ğŸ¤£
creed,Group 3 - don't care about it
V BW,What about service? Or actually lack of it.
Bittu,Group 1
Tanmay Jadhav,"Why would i even buy this non sense phone when i can get pixel 7 for 45k as on posting this comment!

In no manner this is a good package. I was waiting for this to decide between it and OP11r. But google just made my choice simpler!"
Sangeeta Tirkey,I m in Amazon great Indian sale groupğŸ˜‚
Raj Sahani,Group 2ğŸ˜˜
Manav Khehra,"the bezels, Jesus"
Anil Saini,"Samsung giving 4 OS update, but those update are like 7-8 months late unlike day one in pixel"
Siddharth 12,Simply i will wait for few months to get price drop on this device ğŸ˜‚
Suryabhan Singh Rawat,"Group 3 
The best midrange phoneğŸ‰"
Muhammed Aslam,Older pixels have network issues is it ok with that area
shiv jani,Base price 40 k so I will select group 2
Imran Hossain Rohit,Price is ok just can't afford it now recently bought POCO F4 at high price ğŸ˜ so fuÃ§k
Gokulnath Velumani,If it comes under 30k the battle begins nice one
Rahul Mondal,Just think..Pixel 7A goes down under 30k just like Pixel 6A in BBD sale..Omg greatest ever deal
Anuj Acodkar,Why don't use guys talk about network reception on mobile data and battery drain issues on the tensor G2 chipset???
Ashwani Shukla,You should have compared it with pixel7 and not pixel 6a .
Sarvagya Tiwari,Group 1
dontgowiththeflow,Group 3: wait for 4months and buy at 34k
Mohammed Umair,Is there any buy option to exchange Pixel 7a phone via Pixel 6a then how much gonna its effective price?
TheCyberVillager,Overhyped!
Harkirat Singh Walia,Very much overpriced ...those thick bezels remind me of Sony Xperia phones 10 years back
Rananjay,"Why no one has a problem with Google giving only one storage option of 128gb? I mean, come on! It's 2023, and 128gb just isn't sufficient anymore for many people. Or they should've at least provided a micro sd card slot in it. Also, 128gb and a plastic back design at 44k look overpriced."
Arshad M,"I am in 11R group. 
Was waiting for pixel 7a, but after watching its launch specifications. Made my mind to go for 11R. ğŸ˜Š"
Saket,Google gives the same processor to a 40k Pixel 7A and flagship phone 1.5L Pixel foldğŸ˜‚ğŸ˜‚
Arjun Singh,google always leaves some left out feature in pixel phone. this time it's bezels. still better  than before
Ravi Raj,"Cons-
1.Loads of bug
2.Slow charging compare to it competition
3.heat issue
4.Poor fingerprint"
Sevukamoorthy Gopalakrishnan,Pixel 6a vs pixel 7a camera comparison
life vineet,We are getting pixel 7 at same price (Amazon)
M.V.  SHORTS,"I think ye sasta nai hoga 37 or 36 se neeche to nahi jaane wala..
6a 23 24 ka aaram se milega ab"
Neev,I am in Canada and I bought the Regular Pixel 7 for $500 Canadian Dollar (30k Rupees). IT is a lot better then the 7a. I will probably sell this one and just pick up the Pixel 8 when it comes out. Pixels don't have amazing specs but there super fun to use. They also do the fundamentals of a phone really well.
PartlyWater,"Considering the $ to â‚¹ price is 41K, 44K does seem appealing. Dowside is that we don't get the price drops or sales like US market gets."
PMASPHX,Still overpriced as shit ğŸ˜‚ğŸ˜‚ğŸ˜‚
StaTus,Group 3... After few months price change l!ğŸ˜‚
Mihir Gupta,I'm in group three who thinks that the price will drop around 30kğŸ˜….
Shaheen Namboorimadathil Siddique,7 is available at the same range ??
Harsh kumar Gandharva,Pixel lover â¤
Deepak kumar,I'm in group three who will wait for a couple of weeks for the price to be reduced significantly ğŸ˜‚ğŸ˜‚
Ojas Sahasrabudhe,I'm in group 1.5!! I was expecting around 49k as it's 499$ but 44k seems good. I said group 1.5 because I may move to group 1 or 2 depending on it's price during BBD sale. Till then I'm sticking with my 4A!! ğŸ˜€
NR,Is s21 fe better?
Robin Singh,Me still waiting my pixel 4a to give up so that I can upgrade
Lostboy Gourav Vlogs,Group 2 no doubt
Light Guardian,Pixel 7 better package ğŸ“¦
PV AMV,Just placed an order 
Vishal Singh,"Currently in group 1, but waiting for Flipkart's Big Billion Days sale. Hope it would get huge discount."
sĞ½Î¹Î½Î±Ğ¸Î±Ğ¸d Î²Î±Ğ¸Î±ĞºÎ±Ñ,Still Gorilla glass 3ğŸ˜…ğŸ˜…
Tarun Kumar,I am in the group of people who are going to buy 6a because it's price would definitely drop after the launch of 7a :)
The Third TV,"Just wait for a few months , google is known for marking down its price and sales or wait for a good carrier deal."
Rahul K,Nothing phone 1 feels like a better package when compared to 7a
Johnprakash #,"Specs are very good!âœŒï¸ except storage should be 256GB, Fast charging should be 25w or 30w minimum...for a â‚¹44000 MRP device!ğŸ¤ğŸ˜¶"
RAHUL RAWAT,Buying Pixel 7A would better than buying Pixel 7. Suggestion!!
AppleAndPhysicsğŸ‡®ğŸ‡³,I think itâ€™s value for money but most of us will be confused for sure between the 7 & the 7A!
Aojesh Shrivastava,2
SD,Wish it had a bigger display not much like around 6.4 inches
samshi vp,Guys let's wait for offer time  it's Group 3 ğŸ˜‚ look 6a getting under 30k  hopefully we will get 7a on that price bracket
VampyToast,Its perfect
Vansh Sharma,"The price is gonna drop, soon. Like for 6a, from Rs 43,999 to Rs 28,999."
Jhankar Modak,128Gb storage and slow charging are a deal breaker for me
Mr. Meticulous,Everything is good except the pricing. This one should have been priced at 33K (post discounts) not 40K (post discounts). They are 7K ahead of market's preference.
Bhavesh Pratap Mall,Group 3 wait for the price drop.
Mohit,Ugly bezzels
Shahzad Ahmad,Bezels : I work for TVs but anyway.
mitratanu sarkar,after 4 months this will go down under 30k .. u cant beat that
deslime,"May as well get a pixel 7 with a deal, it's the same phone, what a wasted opportunity to make something different. What they should have done is make a budget $300-$350 pixel 4a remake. That's what the A series is all about."
Aquib Izhar,I am in group big billion days ğŸ˜…
Abhineet Gupta,I would love to see camera comparison with Apple and samsung flagship phone
Chanakya,I know the price will be reduced to 35k after 3 months so I am in group B
Tushar B,In group 2
MaKsiG_007,"hi Boys, like your video reviews, always positive and informative. 
THUMB UP. 
By the way Im in group 2 however slovly but surely migrating to first one."
professor X,Group 1
Hector papi,Google releasing mid range phones with 90hz while Apple iPhone SE series& regular 13 or 14 non pro editions still capped at 60hz lmao
Arshit Vaghasiya,Group Pixel 7. It's still a good deal overall. I've been using it for 6 months.
D,It will eventually have a price drop (just like the 6a) and I expect it to fall around 33-35k. This would be a good price for the phone
Aayush P.,I bought the 6a last month. What should I do?
Abdullah S,"Is it worth buying a Pixel 6a now for 28000 rupees, given that I need a phone urgently but I will be changing my phone and giving it to my mom after 8 months?"
Abhishek Yadav,"Mark my words this will come down under â‚¹30k in Big Billion Day Sale.
Not a right time to buy currently."
Lokesh Punia,"For 40k itâ€™s totally good priced, but 44k is bit closer to pixel 7 at 50k ğŸ˜¬"
Yash Jaiswal,it's not worth it.
DipGh,"Definitely someone between Gr 1 and 2. It's a solid package, but would have been better if it was at around 40k. But again, that 4k extra is for Google's brand value and product supply, i understand."
Blink!,better to buy oneplus 11
Sanyam Malhan,No charger in the box so I'm definitely in group 2.
The shorts shot,Group : Being Indian we'll wait till it goes arround 35k
shivraj roy,"Group 3
Already have a good enough phone"
Purvam Joshi,"7a se achha 6 month purana 7 le lunga,,, mkbhd bhi wahi bol raha hai"
Sadhak Phanse,Wouldn't it just be better to wait for sales so we can get 7A for 30 k ?
Sanyam Malhan,"A correction to note in Genshin Impact G is pronounced like you would pronounce it in a word like ""graphics""."
Akash Chatterjee,Group 1
Yugank Kulshrestha,Iâ€™m in the group 3 waiting for a price drop during bbd or amazon great indian festival sales. ğŸ˜‚
Roronoa Zoro,Group 1
Ankur Aryan,Utne me to pixel 7 aa jayegi
Sandeep Srinivas,Wasn't the Pixel 7 in sale for 50k? why would anyone buy 7a for 44k?
Abhibhav Sahu,Better Charging in both wired and wireless. Smaller bezzles. Better viewing angles. Glass back. Reverse wireless charging.I'd rather choose the normal Pixel 7 for 5-6k more.
Pad-dy drummer ğŸ‡®ğŸ‡³ğŸ¥ğŸµï¸,Still no Dolby Atmos! Wow Google :(
S C,18w charging ğŸ˜‚ Google just can't make a perfect budget phone can they?
tony lansky,Hate the charging time compared to the one plus nord 3 or poco f5 but the pixel are just so damn smarter then the competition.ğŸ˜¢
abhishekt800,Selfie cam is still shit with fixed focus
Abhinav Singh,The S21Fe is still a better option than this... Samsung owns the game man....
Jayant Yadav,"It is 7.5W Wireless Charging at 5:25 ğŸ‘€ A 120 Hz Display, Fast Charging, 256 GB are much needed though..."
ARC NEMISIS,those bezzels are very noticable
Swapnil L,"It's all lovey dovey till you have to claim warranty in India.. trust me, it's not worth the hassle"
Wan Play,Canâ€™t wait this phone to beat all the flagships out there in blind test camera from MKBHDğŸ˜‚ğŸ˜‚
Yash Mehta,We want a comparison video between Samsung s21fe vs one plus 11r vs pixel 7a
Sovan ğŸš©,I will say a it's a very good overpriced package
Anuj Kumar,The Big Billion Day group!!!
Mayank Kamal,its certainly overpriced ..just look at pixel 7 prices which is still a decent phone
Kratzz,Group D waiting for Diwali sale and bonus ğŸ¥²
manoj reddy,Still with Group 1 ...   Could easily go with ONEPLUS â¤
unko terebi,"Group 1.5
Wait till it comes under â‚¹35000ğŸ˜‚ğŸ˜Š"
SOUVIK CHAKRABORTY,Group 1.5 cause the price will drop big time during BBD sale ğŸ˜…ğŸ˜…
COD warrior BD,Definitely i am in group two now. Was in group one last year because of the 60 hz display...
Vamshi,Well im gonna see this video again during BBD
Hardik som,Group 1; only because of gorilla glass 3!!. At least they need to give glass 5 if victus series is costly.
Hardy Electrify,18W charging in 2023 ğŸ˜‚ ....u gotta be kidding me.
Sayan Sadhukhan,Group 2
Saswata Chakraborty,I just placed an order for 31867 (exchanging my Galaxy A52s) with 12 months no cost EMI. I think it's the best overall package at 31k.
Chloe Caulfield,"Mkbhd and Arun got the foldables
And I thought you got too"
Rafi,18w charger ğŸ‘
Ghosh Group,Group 1
Steve Wonder,Good luck charging your phone for 1.3-5 hrsğŸ˜‚ğŸ˜‚ğŸ˜‚ğŸ˜‚
Areeba Ali,Overpriced!
Hector papi,we need 256gb variants of pixel in India 128gb is now classic & useless
Asura Kengan,"Group 1. Still overpriced as fuck, you can get a 2nd hand iPhone in superb condition and still beat this phone in every department"
Manan Agarwal,Iâ€™m in that group who waits for big billion days
Rohit Sarna,i will be in group 1 during bbd sale when it sells for 30k ğŸ˜‚ğŸ˜‚ğŸ˜‚ğŸ˜‚
Saurabh Poojary,"You can get a Pixel 7 around 50K, the pricing of this phone is very wierd. Had it been between 30-35k would have been a very good competition
@beebom"
Akshay G,"Group 3
Waiting the price to get under 30000"
Vikram Chauhan,"I will wait for the price to drop to 25k and then consider buying it. So I'm in neither of the groups. When the 6a came, I was in group 2 and so I love Google phones but they just can't hold the price of the phone. What's the point buying it at the starting price when after 4 months the price will drop by 15k."
Joe C,"plastic back and wireless charging?. If thats possible, why did they bring glass back earlier?"
JaaniRox,Group 1
Aftab Mohamed K,google should stop selling these phones in india!! they are just buting their cash!! .
zameer,Exynose destroying Samsung and tensor will destroy pixel ğŸ˜‰same like color os killing oxygen in OnePlus ğŸ¥±ğŸ¥±
Amol Sharma,Group 3: Buy it in Diwali sale for 30k
Subhajit Panigrahi,Only one downside or rather say cons is their storage options... why font google gives us 256GB option?? Why?? @Beebom
Salman Khan,You can get the pixel 7 for 45k. Why should one save 3k and get downgraded specs?
Thomas Singh,"I just think that people don't look for the overall experience. People look for the high end specs and honestly speaking, it's right but the high end specs will be forgotten by everyone after some months of usage. What pixel is providing is experience, the very clean, best experience, the older pixel phones still run smoothly despite having mediocre chips. You are getting the best camera, best software, best experience which will not degrade. I mean, I know I was also a nerd back then, looking for cores, Ghz and all but now all I want is a reliable phone who will give me more than enough performance when needed and very clean experience."
Shubham rock,"30k for specs + 3k for Google



This much will be enough"
Aditya Shyam Sharma,"I'm definitely in the group to because of the features I was waiting for be in Google 6 was not having such like fast refresh rate and the better cameras and the tensor G2 I think it's a great deal ğŸ¤
And I also attended Google io it's making me excited for the Google pad too"
AV,I am using one plus 11r and it's a Killer at 40k No Compromise as such and OP UI Is also Good . If 7a was launched at 32-33k then it would have been a Killer deal
ğ’ğ‡ğ€ğ‘ğŠÃ€ğğ†ğ‹ğ,Group 2
vikas Ghindwani,"im ofc in grp 2
But pixel 7 sells for like 50k which is 6000 Rs higher than 7a and it offers better ip rating, better cameras, better speakers, less bezels, gorilla glass victus, faster wireless charging, faster wired charging, glass back.
so... pixel 7 is a better deal for now. 
if pixel 7a could come down under 40k it would be awesome."
The Late Bloomer,I think if someone has to buy a new phone right now they should definitely consider the 7a. But if you can use your current phone till October then this would be a real value for money device around 30-35k during the diwali sale. In either case its a good buy. Kudos to Google.
Jsings,Let the price change happen. Sales. When you get it for 35k to 30k it's a bomb. But that will be 6 months away. I'd stay great phone. Let's wait for the price drop
Archit,"Group 2, and in BBD, there will be Group 3, mad deal."
Techy Ady,Just watched Marces's video but still here ğŸ˜
PUNITH SAI,Good package
The SIGMA,it's always gonna be overpriced with that shitty chip.
Sudip Mazumder,Pixel 4a is still my best choice
Rajdeep Paul,Its fair price should be 35000 i still believe 11r and v 27 pro overall better value phones at their price lets wait for phone 2
Kishan Raj,I m in group 3 : the ones who will wait for few months when say it a best deal at 30k after it's price drop
aarambh sharma,"What are they smoking while pricing the phone. ğŸ˜ª
It would sell like hot cakes if they priced it 30k - 32k. And I guess people would understand 35k as well. But 44k. seriously. Why? Why would someone spending 44k not simply buy pixel 7."
CRISIS CR3ATOR,Pixel 6a at 27k >> 7a at 39k until bbd sales
Abhilash Ravichandran,pixel 7 at 43999 now
Sean,Group 3 - who gives a fcuk ğŸ¥±
Abhijith B.Lal,Wgy would anyone buy the pixel 7a for 44k when you can buy the pixel 7 for around the same price during a sale
bubblegum,Might as well get the pixel 7.
Dharmveer Sharma,I'm in my own Group: See you in BBD ğŸ¤£
Rajin K P,Any Network issues?
ARPAN KOLEY,"If they gave 256 gb storage instead of 128 gb, I would definitely go with category 2."
Santosh Dukhande,Group 3: those who will wait for price cut ğŸ˜‚
Akshay Kumar,"Well, Group 3 is - People who wait a few months after the launch and get a great deal in terms of pricing! ğŸ˜…"
Soumyadeep Patra,Now I'm in group 1 . But I will switch in group 2 during the big billion day / Diwali sale
Durgadas,Group 3 - I will buy this in BBD sale at lesser price ğŸ˜Š
Unnat Sadh,But wouldn't people turn towards pixel 7 since there isn't much price difference between 7 and 7a
MAAZ ZAMA,"There is also a Group 3, it includes people who are waiting for price drop in Sales then buy it ğŸ«¡ğŸ«¡"
Owaish Luqman,"Group 3 , will wait for the price drop ğŸ˜…"
Sanjay Raju,Is the Image sensor same as that in p7 ?
Prithvi !,"Measure the Width to showcase the compactness, you idiot .. not the thickness!"
Gokul,"Can I pay 10 k extra for those cameras,campared to s21 fe?"
akshay de,So now its between the 7a and the 11R I guess. Whats better here? I am definitely leaning towards the 7a for the camera but the higher performance score on the 11r are tempting
Kovid Gupta,Just wait for the big billion days ğŸ˜‚ğŸ˜‚
Wasim,Google will eventually bring it under 35k so I am in Group 2ğŸ˜‚
96mb,Over priced AF
Kishore Babu k,"I am in 3rd group, "" better but pixel 7 "" . This is my groupğŸ˜‚"
Rahul Prabakar,"Easily Group 2, it's a well rounded phone especially in India."
pravin murthy,Ohh Pixel 7A is better than 6A ğŸ˜².. What an achievement! ğŸ˜›
This is M,Full comparison between pixel 7 and 7a please!
tech saswat,better than samsung A54
Dev Kumar,Group 3 - waiting for the price to drop down ğŸ˜
Prabhat Attreya,"I am in ""Let's wait for some time to price get reduced"" group"
Phoenix,"The market has changed, the Poco F5 is a better phone"
Goutam Bhadra,"Group 1 , will buy it during BBD sale."
Sunil Sharma,#group2
Naveen Singh,Charging is an absolute deal breaker...I know 10 people who would want to buy this..but won't just because of it's charging speed.
Blessin Varghese,Group 2
nilabh ghritlahre,Gorilla glass 3
Abroto Dutta,If it's my money i will pay little extra and grab pixel 7
neelansh sehgal,Group 3: october sale for 32k.
Abhishek Sharma,"Iâ€™m currently using iPhone 12 mini, would it be wise to switch to 7a?"
IBRAHIM BADUSHA,Is there any network issue like pixel 7
Ankan Sharma,"pricing is the issue I would give 32k max for this, keeping in mind 6a price"
Crusader,"I'm in Group 4, Waiting for Nothing Phone 2 reveal and then making a decision between that or Pixel 7 instead"
Satyajeet Roy,Group 1. Was expecting around 35k
ARITRA BANERJEE,Just wait for a year tbh and the pricing will come down when sales will be low as we witnessed same for Google Pixel 6a ğŸ˜…
Saswata Basu,How about sound quality and audio codec support on 7A. Does it support loseless audio?
Anuj Suroshe,"Obviously Group 2, as we all know that smartphones launching this year will be expensive and also 6A watch launched at the same price with lot of missing features. Although i am an Iphone user still if i get a chance to choose I will go for pixel phones rather than A samsung phone or a BBK Product"
Lucky Saadaan,"Group 3
Wait and buy when the price drops ğŸ˜Š"
Ankush Saha,Solidly in group 2...would rather go for the oneplus 11r which costs 4k less
Dragon CLAW,I'm in 'after heavy discount I will see if I can afford' group.
Parass,Will society accept me If I say I like those thicc bezels ğŸ˜¢
SHAILENDRA GOME,Pixel 6a Was Bought Around 28k After Some Days of Its Launch... ğŸ˜‚ğŸ˜‚ğŸ˜‚ğŸ˜‚ğŸ˜‚
Shaon Adhikary,I will wait for big billion days then decide ğŸ˜…
Anshuman Tripathy,"after a price cut I'll be with the group ""OMFG it's the absolute best"""
nitin kumar,all youtubers gets phone before the launch.....the reviews must be baised.....any intellegent person will never buy a phone from youtube suggestion.
Shubham JAUHRI,Overpriced ğŸ˜¢ğŸ˜¢ğŸ˜¢ğŸ˜¢
MEHUL,Grupe 1ğŸ˜‚
Ashish Patel,"Group 2 
I love pixel phones"
Arpan,Group 2 but if comes down to 40k after discounts than it will be more better
ujjawal jain,"these bezels are deal breaker in this year,  what 40k phone has those huge things..id pass it even for 30k"
GoVi,Group 1
Lethal Gamer,is it just me or the back of the device does not look the the device launched in IO today
Autobot_zz9,"Gorilla glass 3 and reverse wireless charging of 7.5 watts i mean at this price point??  Reverse wireless charging that slow can only level battery percentage if you doing certain activity you'll be stuck at certain percentage not go up nor down..
S22 @45~47k wold be wise choice than 7a"
Akshat Vatsya,Would be waiting for Nothing Phone 2 to se how it compares to Pixel 7A
Shovon Tarafder,Hail group 2. Not everyone wants a gaming phone. Going for 7A definitely.
Mishal C,I'm in the group where we wait for the price to dropğŸ˜…ğŸ˜…
hm,"does this take better photos than oneplus 11 r and vivo v27 pro ? if yes , i will be in group 2."
Subhra Debnath,Group 3- Poor guy
A N,"Remember guys, nobody will talk about front cam. Coz it is straight out trash and potrait mode...ğŸ˜‚ğŸ˜‚"
Sayan,I am in group 3 who believes after some months the price will drop... ğŸ˜…
Sree Krishnanandh,Ordered pixel 7a the moment it launched
Writwik Ghosh Dostidar,Group 2
MaverickVirat,May be Group-3 : waiting for bbd sale to get this at 32kğŸ˜…ğŸ˜…
Md. Shamiul Haqe,ğŸ”¥
Aditya Saluja,"Using pixel is another level experience
Try before thinking it's overpriced
Smoothness is almost same as Iphones"
Hardik Prajapati,Group 2 but it is kind of priced very nearly to the Pixel 7 which is going to make this a pretty tough choice at this price point.
Ryan Izanami,I'm in the GROUP which doesn't want to regret impulsive purchase at that price while that may go down reasonably a lot soon after.
Viraj Gupta,group 2
abhay chandra,Group 2 for sure
Nikhil Vadgama,Group 2 definitely
Suresh Shiva,Group 3: wait until Price reduce ğŸ˜…ğŸ˜…
Mohd Ismail,"I am in group 3
Buy pixel 7 at 45k after bank discount"
Kashu Ansari,Go with Pixel 7
sarvesh prabhu,https://www.youtube.com/@sarveshprabhu1071
User 020X,Do not buy pixel 7a on launch. You can spent 4-5k more and can get pixel 7 . After 4-5 months price will definitely go down.
Nick Usalis Knight,I am so torn between the 7A and the Poco F5 Pro
Himanshu Sankhala,Then why to buy pixel 7
Vaddadi Praween,waiting for Diwali sale.
Kunal Soni,128 gb is yahhhh
Komal Patil,"In group 3 of ""Non buyers"""
Akansha,"What's best smartphones under 55k-60k?
OnePlus 11
Motorola edge 30 ultra
Vivo X90
iPhone 13
Pixel 7
Or anything else?"
S S Ramadas Gollapudi,Group ğŸ˜‰2
Gokul,How are the cameras compared to s21 fe?
Shriram Hansdah,18 watt charging and thick bezels are deal breaker for me ğŸ˜¢
surya harshith,"Group 3 
Waiting for price drop on sales ğŸ˜‚â¤..Anyone ?here"
Prajjwal Tiwari,"As Marques said, its better to go for the 7 instead of this.
Pixel 7 was going for the exact same price.ğŸ˜‚"
Sarcasm King Games,Google 7 is a better deal than this. 7a is a good update over 6a and that's about it
Random anime character,"Group A Overpriced, pricing should be around 35k"
AD,"Group 1,  Considering my dad just bought a Realme GT 2 Pro 5G, 256 gigs for 43K. It has 2K display and GG-Vectus protection. also a 120hz display with a CHARGER!! WHATT! IKR!!"
Swatantra Rout,The nothing phone 1 is a better deal for daily usage. It even provides better service support
Random,Every product is good at beginning so its not shoking google is smooth and light ğŸ˜‚
Harish Kannan,Wireless charging speed is 7.5w - mentioned by MKBHD
Abhinav Kumar,"I want to join group 2 but it's bezels hurts a little bit , so I'm confused now ğŸ˜•"
Abdul Khan,Group 3 : buy at 29-30 k during bbd sale..
Manan Warge,Group 3: Pixel 7 @45k is better choice that thisğŸ˜‚
shushovan dey,"This should be priced at 35k maximum. If you can afford 44k for this, go for pixel 7 instead."
Suria G,"one eye on the streets, one eye on the tech game. Lord Beebom"
Ryan Izanami,What do you think...the price will drop to 35-37K soon within a few weeks?!
â±®Æ–Æ¬Ó‡Æ²Æ,Group 1
Gokul Balu,128 GB for 45 k? Oneplus offers better
Vishwajeet Tiwari,"I'm in grp 3
Waiting for the big billion days sale  ğŸ˜…"
Atanu Bose,Legends are waiting for Diwali sale.
Shaurya Priyadarshi,Group 2
Sandip,"Which one will best option Samsung s23 or Google pixel 7a 
For camera ui performance"
Raktim Saikia,Group 2
Millhouse Speaks,Looks dope
Apon Techy,Overpriced ğŸ˜Š
Sumanth 880,I Will Either buy Pixel 7A or Oneplus 11R in BBD SalesğŸ˜…ğŸ˜‚
Raghav Khurana,"How are you in group 2 
Pixel 6a 28000
Pixel 7a 44000
Pixel 7 50000
 ? Like i will not spend 6000 rs less on a tonned down smartphone with those ugly ass bezels ğŸ¤¯mindfuck sponsered lines in the end 
A series should have a cap of 38 to 40 k"
Dannnnnn,"6.1"" FHD+ AMOLED 90Hz
Gorila Glass, 418PPI.

Tensor G2 (5nm Samsung) 2.85Ghz
GPU Mali-G710

LPDDR5 dari Samsung ğŸ‡°ğŸ‡·
UFS 3.1 dari Micron Technologi ğŸ‡ºğŸ‡² & SK Hynix ğŸ‡°ğŸ‡· (2 Varian Vendor)
8GB RAM + 128GB ROM

64MP Sony IMX787 + 12MP Sony IMX712 Ultra Wide, 10.8MP Front
OIS, Gyros EIS, 4K60FPS.

4,500mAh + 18W + 18W Wireless + USB C 3.1
Android 13 + 3 Years Update OS + 5 Years Security Patch 

WiFi 6E (Qualcomm WCN6740), NFC, Bluetooth 5.2, 5G, IP67 dust/water resistant (up to 1m for 30 min)

Stereo Speaker, Dua Microphone.
Fingerprint Under Display 

Glass front (Gorilla Glass), aluminum frame, plastic back. Arctic Blue, White & Black

8GB/128GB $499"
à°°à°®à±‡à°·à± à°—à±‹à°•à°®à°³à±à°³,"I'm in Group 1 when it is compared to other Smart phone brands like OnePlus and it's 11R device. I got 16GB variant at â‚¹43000 with exchange.
I'm In Group 2: Because, Its Google. Neat and Clean OS and Timely OS updates. I ğŸ’• Pixel OS. Everything from Google but, These Pixel phones get heat even when you watch YouTube videos for 5-10 minutes. Such a worst feature of Google Phones anyway. Google should fix it with a Snapdragon chipset device. In winter these Pixel devices help you keep you warm all the time. AndğŸ”‹ life is not that good at any pixel device don't worry about that anyway."
N B,"what's the ""catch""?"
Prakash Kumar Gupta,"It's overpriced no doubt. Don't compare it with pixel 6a, it's actually closer to Pixel 7."
Sahil Saifi,I am just concerned for nothing phone 2ğŸ™ƒğŸ˜‚
aviral srivastava,"The 128 gb Pixel 7 is available under 45k. Isn't that a better value?
 Personally I think 7a with this storage option is overpriced, it would have been a lot better if offered with 256 gb. Since Pixel 7 256gb is almost 55k, many buyers would have considered 7a with 256gb at 40k Also there are options like S21fe with 256gb at almost 35k."
kaushik krishna,Why would anyone buy this at 43k when one can be buy pixel 7 at 45k
Tech Games Movies,Group 2
Ayush Shishodia,group 3 buy pixel 7 for 50k
Lakshay Siwach,overprice will wait for it to get down to 35k
Rahul kumar,Internet will not divide...5:53...Legends will wait and get this at 29k during Flipkart's Big Billion Days sale.ğŸ˜‚ğŸ˜‚ğŸ˜‚ Currently its 39000 just wait for 2 months it will be at 34999 and when BBD arrives it will get a card discount for 5000...Easily available for 29-30K.
Rakesh G,"Group 2 , but for me it is costly ğŸ˜…"
GBox180,After Pixel 2 2XL ....Pixel Dead....If they l re launch Pixel 2xl with SD778g or 7 gen 2 + 30 w min charging speed .same design but 6.5+ inch screen & 5000mah battery  ... i will pay 50k
AnkuR SahA,"Now : Group 1
After 6m when It goes for 30k : Group  2 ğŸ˜‚"
Valac,"Pixel 7 is available for like 1k more lol, makes no freaking sense to purchase this, atleast right now"
Mukesh Kanojiya,â¤â¤â¤
John Kota,Group 3 wait for sale and price drop ğŸ˜…ğŸ˜…
Sharan S,Group 1 but over too my budget soo Group 2ğŸ˜‚
Aniruddha Basak,"Ugly bezels
Fixed focus in front camera,
18W charging, and less than 4500 mah Battery.
Let's see what do we get with Nothing Phone 2"
Devesh Katakwar,"Group1 
Abt top notch specs s21 fe already has under 30k
Wireless c.
Nfc
Ip68
Camera
Software
Performance 
Battery for day...ğŸ˜…"
Arijit Roy,"Group 1 for now, headphone jack, 5000mah could have made it to group 2
Under 35k its a decent deal"
Hussain parekh,what about the group 3 who's gonna wait for sale and grab it under 35k ğŸ˜‚
Suraj Nigam,group 3  BBD
nagarjun n,"18W is not a fast charging in 2023. Come on Google for 44k you should provide 30W atleast. Worst pricing, worth only for 30-32k"
Siddharth Singh,Group 1 who will shift to 2 during BBD sale ğŸ˜‚
Goallapavan Kumar,what about the service centres
Souvik Halder,Group 2
Sanjeev,Can i exchange it with pixel 6a
Vikram,"I'd rather get the Edge 30 Ultra, 256gb at 45k then this, even though it doesn't have the updates"
SHIVAKUMAR TURAMARIMATH,Group 3 - wait for 8-9 months price will drop then buy it in sale ğŸ˜‚ğŸ¤£
In memory of COCO -SJ,"Battery ğŸª« ğŸ˜¢ğŸ˜¢ğŸ˜¢
Google Aunty - your call is now recording ğŸ˜…ğŸ˜…"
Pawan Panthi,I work in a retail store and attend almost 250+ calls per day. Please suggest a good phone for calls and whatsapp . Currently using Redmi Note 10 pro and I-phone 12 .
Christy Daniel,"For me, charging speed is a deal breaker"
Tushar Agrawal,"Group 1 obviously, Pixel 7 costs 45k ğŸ˜‚ğŸ˜‚"
Himanshu Verma,"Iam in group 3
Kharidna hai par paise nhi hai"
Soumyajit Sengupta,I am in 3rd group which waits for price drop
vaibhav Tandekar,OnePlus 11r will win
Deepak Suneja,"Commenting from pixel 6a
And now i am in group 1
Because i bought it in 29k and 44k is really overpriced"
Manish Nandi,"Now telling mistake and flaws about pixal 6a. But around 1 months ago, everyone recommending that phone...."
Vikram,"7A: 73mm wide with 6.1 inch screen

Edge 30 fusion: 72mm wide with a 6.55 inch screen and no software updates! -_-"
jayanthvarma chennu,G2
Sumit Pathak,"The only downside is limited storage. 256 GB version must be an option.
Edit: People crying and telling me that it has unlimited cloud storage then please go ahead and buy it because Google discontinued unlimited free cloud storage in new devices from 2021.
Edit 2: Nothing phone 2 might be a better option. Let's see"
Agravat Gaurav,Group A
siva vetrivel,I am in good package with card offers we can get it for 40k that's a good deal !!
Shoaib Ahmad,And then comes the group 3 which will wait for the prices to dropğŸ˜‚
Abhishek Alex,Group 1 â¤
hardik kondar,"Bhai Google io khatam toh hone detta, ğŸ˜…"
Amit 7,Group 2 ğŸ”¥ after having 6a
Akshay Darji,Group 1
Rahul Ganguly,Also would like to know a detailed comparison between the pixel 7 and the 7a
HARSH MAKADIA,Really Good To See Videos Comes In Just 5 Mins ğŸ¥° After Office Lunching
vaibhav Tandekar,Giant bezels and no dual apps
SHARUKH,Group 1
Mukesh Pandey,Group 1 .. May i will buy this in bbd sale.
Tafiquar Rahman,"Group A 
Group B 
Then Comes Group C who will wait for price drop and again A series will be hit"
Gajanan,Those thicker bezels realy look dirty!! It ruined the look of the display!! ğŸ˜Œ
Eren,43000 for exynos shitğŸ˜¢
Akash Hegde,Pixel 7 is available in Amazon around 45k. So maybe that's better deal
Rahul Ganguly,I would just wait for the prices to go down a bit of the pixel 7a and if that really happens that would be the ideal scenario to buy it.
Yan Chu,Miss the old intro music of Beebom
Dharmendra Dubey,"Pixel 7 is already at 44k on Amazon ğŸ¤£
What is this nonsense pricing...."
dev tripathi,Group 1
The Backbencher !!,I would be stupid big time to buy this at 45k when pixel 7 is available at exact same price on amazon
Ankur Mahajan,Why to buy 7a when 7 is available at 45K.
Parag Chakraborty,Smoooothhhh machaaa! ğŸ‘ğŸ¼ğŸ˜‚
Rakesh Singh,i am neutral bcoz I'll wait for big billion sales
ramji,Group 1
19 CSE 1111 Mustafa Mudassir,Group 3 waiting for bbd
Akash Singh,"will buy in BBD,abhi nahi"
Abhishek Dhawan,Pixel 7 is at 50k in sale without bank discounts. 7A at 44k does not make sense ğŸ¥²
Puneet Dubey,"Group 3, wait for pixel 8 ğŸ˜…"
Govind,Group 2 but if I only have money ğŸ¤‘
jiju jaison,Thick Bezel in 2023.. could have make it curved
jaga dish,Only let down is charging speed
jaga dish,Request google to increase charging speed standards.
no name,Chalo jaldi pixel 7a 30000 ka kardo taki sale mei leluğŸ¤£ğŸ¤£
amit s,Will wait till big billion day. And will catch this for sure
Divyanshu Elawadi,"I'm in group 1 until BBD, then I'll be in group 2"
Veda Vyas,1 obviously
Soumitra Das,"""Google is the worst company on Earth at keeping things a secret"" is one of the most accurate sentences said in history. 
- (MKBHD)"
Vikram,"No snapdragon, no buy, even tho it is a Pixel -_- ditch the botched Exynos"
Subhajit Paul,What do you think about the pricing?
Rooster,What is this stupid obsession with glass backs??? Plastic backs are anyway more durable than glass backs.
Rayan Moideenkutty,2 minutes ago 1100 views
Vivek Jangra,You guys are superfast ğŸ˜‚ğŸ˜‚
Nearlight gaming,What is the Best mobile for performance+ camera under 35 k? Or any other upcoming mobiles?
Prash,18w charging and big bezels ruins everything ğŸ˜¢
Abhay Sharma,Woahh
Randeep Baruah,Going to sell like hot cakes ğŸ‚ğŸ‚ğŸ‚ğŸ‚
puneet nahar,"First video out after Google IO
As expected from Beebom"
Aditya Bhardwaj,Am I the only one who knows it's re-uploaded.
Himanshu,â¤
Pain_of_Doubt,Bhaiya aukaat ke bahar ki cheej mat dikhaya karo faltu mein mobile data use karna padta h
Ritik Chauhan,7th viewer ğŸ˜‚
Anurag Kumar,Wow watching this video in the first minute of it release ğŸ˜‚
Arhab Hasan Khan,"First video for Pixel 7A
And mine first comment.. 
good work for both of us ğŸ˜‚"
Souvik Ghosh,FirstğŸ¥‡
Sandeep Khugshal,Sabse pehle Maine dekha... There should be gift for meğŸ˜…ğŸ˜…ğŸ˜…
Tafiquar Rahman,Left Technical Gurujiâ€™s video to watch yours cause the quality â¤
The cine Sky,1st comment
Raghav Dholu,Wohhh video nai dekh ke bol sakta hu iPhone ka market Gaya
Pharma Grapher,1st
Ankit Singhai,Can you give these phone these is my dream phoneâ¤
THE 4NC,First comment
Pharma Grapher,1st
Tanveer Singh Thind,Nice video sir
suresh Krishna,I'm still in group 1 because at same price you have other options too with 8+ gen 1
R7anubis,Beebom also fixed their videos and are finally making better content ğŸ”¥
Soumitra Das,Nice improvement ğŸ˜¸..but little expensive
Chaudhary vlogs,First viewer ğŸ˜€
AMEY KASKAR,#pixel7overpixel7a
ADITYA CHENDE,So you upload videos late night
Azib Khan,Pixel is perfect â¤
Durga Rao,First to comment
kaanglei Ema na yaifare,First comment Pin my comment please ğŸ¥º
Idrees Lonne,Got my hands on it last sundayğŸ˜Š
ADITYA CHENDE,So you upload videos late night
Pritam Swarupa Jena,Yo 1
Rahul Mishra,First
Shadab Ahmed,First
The Lush Fire,"First view
Pin me"
